Position,Name + ID,Name,ID,Roster Position,Salary,Game Info,TeamAbbrev,AvgPointsPerGame
RB,Ezekiel Elliott (13429090),Ezekiel Elliott,13429090,RB/FLEX,8900,DAL@NO 09/29/2019 08:20PM ET,DAL,18.4
RB,Christian McCaffrey (13428848),Christian McCaffrey,13428848,RB/FLEX,8800,CAR@HOU 09/29/2019 01:00PM ET,CAR,28
RB,Alvin Kamara (13429092),Alvin Kamara,13429092,RB/FLEX,8500,DAL@NO 09/29/2019 08:20PM ET,NO,22.67
RB,Saquon Barkley (13428991),Saquon Barkley,13428991,RB/FLEX,8400,WAS@NYG 09/29/2019 01:00PM ET,NYG,18.03
RB,Dalvin Cook (13428838),Dalvin Cook,13428838,RB/FLEX,8300,MIN@CHI 09/29/2019 04:25PM ET,MIN,29.13
RB,Austin Ekeler (13428797),Austin Ekeler,13428797,RB/FLEX,8000,LAC@MIA 09/29/2019 01:00PM ET,LAC,26.27
WR,Julio Jones (13428423),Julio Jones,13428423,WR/FLEX,7800,TEN@ATL 09/29/2019 01:00PM ET,ATL,25.17
WR,DeAndre Hopkins (13428524),DeAndre Hopkins,13428524,WR/FLEX,7700,CAR@HOU 09/29/2019 01:00PM ET,HOU,18.6
RB,Melvin Gordon III (13428592),Melvin Gordon III,13428592,RB/FLEX,7700,LAC@MIA 09/29/2019 01:00PM ET,LAC,0
WR,Keenan Allen (13428509),Keenan Allen,13428509,WR/FLEX,7600,LAC@MIA 09/29/2019 01:00PM ET,LAC,31.23
WR,Davante Adams (13429136),Davante Adams,13429136,WR/FLEX,7500,PHI@GB 09/26/2019 08:20PM ET,GB,12.6
QB,Patrick Mahomes (13428908),Patrick Mahomes,13428908,QB,7500,KC@DET 09/29/2019 01:00PM ET,KC,32.27
WR,Odell Beckham Jr. (13428533),Odell Beckham Jr.,13428533,WR/FLEX,7300,CLE@BAL 09/29/2019 01:00PM ET,CLE,18.93
WR,Amari Cooper (13429138),Amari Cooper,13429138,WR/FLEX,7300,DAL@NO 09/29/2019 08:20PM ET,DAL,22.27
TE,Travis Kelce (13428418),Travis Kelce,13428418,TE/FLEX,7200,KC@DET 09/29/2019 01:00PM ET,KC,18.13
WR,Mike Evans (13428551),Mike Evans,13428551,WR/FLEX,7100,TB@LAR 09/29/2019 04:05PM ET,TB,20.97
WR,Tyreek Hill (13428832),Tyreek Hill,13428832,WR/FLEX,7000,KC@DET 09/29/2019 01:00PM ET,KC,4.1
RB,Todd Gurley II (13428681),Todd Gurley II,13428681,RB/FLEX,7000,TB@LAR 09/29/2019 04:05PM ET,LAR,10.37
WR,Michael Thomas (13429140),Michael Thomas,13429140,WR/FLEX,7000,DAL@NO 09/29/2019 08:20PM ET,NO,20.2
QB,Lamar Jackson (13428960),Lamar Jackson,13428960,QB,6900,CLE@BAL 09/29/2019 01:00PM ET,BAL,30.57
RB,David Johnson (13428493),David Johnson,13428493,RB/FLEX,6800,SEA@ARI 09/29/2019 04:05PM ET,ARI,17.53
WR,A.J. Green (13429142),A.J. Green,13429142,WR/FLEX,6800,CIN@PIT 09/30/2019 08:15PM ET,CIN,0
WR,Sammy Watkins (13428561),Sammy Watkins,13428561,WR/FLEX,6700,KC@DET 09/29/2019 01:00PM ET,KC,24.03
RB,Mark Ingram II (13428421),Mark Ingram II,13428421,RB/FLEX,6600,CLE@BAL 09/29/2019 01:00PM ET,BAL,24.63
QB,Tom Brady (13428336),Tom Brady,13428336,QB,6600,NE@BUF 09/29/2019 01:00PM ET,NE,25.48
WR,Adam Thielen (13428727),Adam Thielen,13428727,WR/FLEX,6600,MIN@CHI 09/29/2019 04:25PM ET,MIN,15.47
WR,JuJu Smith-Schuster (13429144),JuJu Smith-Schuster,13429144,WR/FLEX,6600,CIN@PIT 09/30/2019 08:15PM ET,PIT,14.77
WR,Julian Edelman (13428386),Julian Edelman,13428386,WR/FLEX,6500,NE@BUF 09/29/2019 01:00PM ET,NE,14.93
WR,Cooper Kupp (13428693),Cooper Kupp,13428693,WR/FLEX,6500,TB@LAR 09/29/2019 04:05PM ET,LAR,22.8
RB,James Conner (13429094),James Conner,13429094,RB/FLEX,6500,CIN@PIT 09/30/2019 08:15PM ET,PIT,10.9
RB,Nick Chubb (13428826),Nick Chubb,13428826,RB/FLEX,6400,CLE@BAL 09/29/2019 01:00PM ET,CLE,16.13
QB,Deshaun Watson (13428845),Deshaun Watson,13428845,QB,6400,CAR@HOU 09/29/2019 01:00PM ET,HOU,24.81
WR,T.Y. Hilton (13428444),T.Y. Hilton,13428444,WR/FLEX,6400,OAK@IND 09/29/2019 01:00PM ET,IND,21.17
RB,Aaron Jones (13429096),Aaron Jones,13429096,RB/FLEX,6300,PHI@GB 09/26/2019 08:20PM ET,GB,16.07
RB,Derrick Henry (13428721),Derrick Henry,13428721,RB/FLEX,6300,TEN@ATL 09/29/2019 01:00PM ET,TEN,19.3
WR,Tyler Lockett (13428576),Tyler Lockett,13428576,WR/FLEX,6300,SEA@ARI 09/29/2019 04:05PM ET,SEA,21.57
QB,Jared Goff (13428709),Jared Goff,13428709,QB,6300,TB@LAR 09/29/2019 04:05PM ET,LAR,15.91
QB,Dak Prescott (13429074),Dak Prescott,13429074,QB,6300,DAL@NO 09/29/2019 08:20PM ET,DAL,29.53
TE,Zach Ertz (13429208),Zach Ertz,13429208,TE/FLEX,6200,PHI@GB 09/26/2019 08:20PM ET,PHI,12.67
QB,Philip Rivers (13428354),Philip Rivers,13428354,QB,6200,LAC@MIA 09/29/2019 01:00PM ET,LAC,21.15
WR,Brandin Cooks (13428608),Brandin Cooks,13428608,WR/FLEX,6200,TB@LAR 09/29/2019 04:05PM ET,LAR,15.17
WR,Tyler Boyd (13429146),Tyler Boyd,13429146,WR/FLEX,6200,CIN@PIT 09/30/2019 08:15PM ET,CIN,17.4
WR,Alshon Jeffery (13429148),Alshon Jeffery,13429148,WR/FLEX,6100,PHI@GB 09/26/2019 08:20PM ET,PHI,11.05
RB,Marlon Mack (13428916),Marlon Mack,13428916,RB/FLEX,6100,OAK@IND 09/29/2019 01:00PM ET,IND,17.83
QB,Russell Wilson (13428412),Russell Wilson,13428412,QB,6100,SEA@ARI 09/29/2019 04:05PM ET,SEA,29.71
WR,Robert Woods (13428503),Robert Woods,13428503,WR/FLEX,6100,TB@LAR 09/29/2019 04:05PM ET,LAR,10.53
QB,Aaron Rodgers (13429075),Aaron Rodgers,13429075,QB,6000,PHI@GB 09/26/2019 08:20PM ET,GB,13.86
QB,Kyler Murray (13428969),Kyler Murray,13428969,QB,6000,SEA@ARI 09/29/2019 04:05PM ET,ARI,21.6
WR,Chris Godwin (13428875),Chris Godwin,13428875,WR/FLEX,6000,TB@LAR 09/29/2019 04:05PM ET,TB,16.8
RB,Leonard Fournette (13428815),Leonard Fournette,13428815,RB/FLEX,6000,JAX@DEN 09/29/2019 04:25PM ET,JAX,13.43
QB,Drew Brees (13429076),Drew Brees,13429076,QB,6000,DAL@NO 09/29/2019 08:20PM ET,NO,12.66
WR,DeSean Jackson (13429150),DeSean Jackson,13429150,WR/FLEX,5900,PHI@GB 09/26/2019 08:20PM ET,PHI,19.2
QB,Matt Ryan (13428343),Matt Ryan,13428343,QB,5900,TEN@ATL 09/29/2019 01:00PM ET,ATL,25.04
WR,Josh Gordon (13428466),Josh Gordon,13428466,WR/FLEX,5900,NE@BUF 09/29/2019 01:00PM ET,NE,11.53
WR,Kenny Golladay (13428689),Kenny Golladay,13428689,WR/FLEX,5900,KC@DET 09/29/2019 01:00PM ET,DET,15.53
QB,Baker Mayfield (13428766),Baker Mayfield,13428766,QB,5800,CLE@BAL 09/29/2019 01:00PM ET,CLE,14.03
WR,Marquise Brown (13429056),Marquise Brown,13429056,WR/FLEX,5800,CLE@BAL 09/29/2019 01:00PM ET,BAL,19.07
WR,Sterling Shepard (13428656),Sterling Shepard,13428656,WR/FLEX,5800,WAS@NYG 09/29/2019 01:00PM ET,NYG,20.15
RB,Joe Mixon (13429098),Joe Mixon,13429098,RB/FLEX,5800,CIN@PIT 09/30/2019 08:15PM ET,CIN,8.97
WR,Tyrell Williams (13428623),Tyrell Williams,13428623,WR/FLEX,5700,OAK@IND 09/29/2019 01:00PM ET,OAK,17.67
TE,Evan Engram (13428773),Evan Engram,13428773,TE/FLEX,5700,WAS@NYG 09/29/2019 01:00PM ET,NYG,22.9
RB,Chris Carson (13428987),Chris Carson,13428987,RB/FLEX,5700,SEA@ARI 09/29/2019 04:05PM ET,SEA,13.6
QB,Jameis Winston (13428660),Jameis Winston,13428660,QB,5700,TB@LAR 09/29/2019 04:05PM ET,TB,17.59
QB,Carson Wentz (13429077),Carson Wentz,13429077,QB,5600,PHI@GB 09/26/2019 08:20PM ET,PHI,23.07
QB,Josh Allen (13428950),Josh Allen,13428950,QB,5600,NE@BUF 09/29/2019 01:00PM ET,BUF,20.5
RB,LeSean McCoy (13428399),LeSean McCoy,13428399,RB/FLEX,5600,KC@DET 09/29/2019 01:00PM ET,KC,12.87
WR,DJ Moore (13428963),DJ Moore,13428963,WR/FLEX,5600,CAR@HOU 09/29/2019 01:00PM ET,CAR,14.97
WR,Larry Fitzgerald (13428352),Larry Fitzgerald,13428352,WR/FLEX,5600,SEA@ARI 09/29/2019 04:05PM ET,ARI,20.43
WR,Allen Robinson II (13428616),Allen Robinson II,13428616,WR/FLEX,5600,MIN@CHI 09/29/2019 04:25PM ET,CHI,13.43
WR,Nelson Agholor (13429152),Nelson Agholor,13429152,WR/FLEX,5500,PHI@GB 09/26/2019 08:20PM ET,PHI,18.27
RB,Sony Michel (13428830),Sony Michel,13428830,RB/FLEX,5500,NE@BUF 09/29/2019 01:00PM ET,NE,7.27
QB,Matthew Stafford (13428369),Matthew Stafford,13428369,QB,5500,KC@DET 09/29/2019 01:00PM ET,DET,20.28
QB,Cam Newton (13428391),Cam Newton,13428391,QB,5500,CAR@HOU 09/29/2019 01:00PM ET,CAR,11.34
WR,Stefon Diggs (13428677),Stefon Diggs,13428677,WR/FLEX,5500,MIN@CHI 09/29/2019 04:25PM ET,MIN,7.03
WR,Dede Westbrook (13428933),Dede Westbrook,13428933,WR/FLEX,5500,JAX@DEN 09/29/2019 04:25PM ET,JAX,8.5
WR,Marvin Jones Jr. (13428429),Marvin Jones Jr.,13428429,WR/FLEX,5400,KC@DET 09/29/2019 01:00PM ET,DET,14.8
RB,Damien Williams (13428658),Damien Williams,13428658,RB/FLEX,5400,KC@DET 09/29/2019 01:00PM ET,KC,13.55
RB,Kerryon Johnson (13428979),Kerryon Johnson,13428979,RB/FLEX,5400,KC@DET 09/29/2019 01:00PM ET,DET,12.1
QB,Jacoby Brissett (13428602),Jacoby Brissett,13428602,QB,5400,OAK@IND 09/29/2019 01:00PM ET,IND,19.55
WR,John Brown (13428450),John Brown,13428450,WR/FLEX,5300,NE@BUF 09/29/2019 01:00PM ET,BUF,17.33
QB,Derek Carr (13428461),Derek Carr,13428461,QB,5300,OAK@IND 09/29/2019 01:00PM ET,OAK,14.32
QB,Daniel Jones (13428970),Daniel Jones,13428970,QB,5300,WAS@NYG 09/29/2019 01:00PM ET,NYG,19.71
RB,David Montgomery (13429054),David Montgomery,13429054,RB/FLEX,5300,MIN@CHI 09/29/2019 04:25PM ET,CHI,10.13
WR,Michael Gallup (13429154),Michael Gallup,13429154,WR/FLEX,5300,DAL@NO 09/29/2019 08:20PM ET,DAL,19.3
QB,Mason Rudolph (13429078),Mason Rudolph,13429078,QB,5300,CIN@PIT 09/30/2019 08:15PM ET,PIT,13.82
WR,Demarcus Robinson (13428707),Demarcus Robinson,13428707,WR/FLEX,5200,KC@DET 09/29/2019 01:00PM ET,KC,17.5
QB,Kyle Allen (13428823),Kyle Allen,13428823,QB,5200,CAR@HOU 09/29/2019 01:00PM ET,CAR,25.34
TE,Darren Waller (13428557),Darren Waller,13428557,TE/FLEX,5200,OAK@IND 09/29/2019 01:00PM ET,OAK,18.8
RB,Phillip Lindsay (13428762),Phillip Lindsay,13428762,RB/FLEX,5200,JAX@DEN 09/29/2019 04:25PM ET,DEN,16.73
QB,Gardner Minshew II (13428945),Gardner Minshew II,13428945,QB,5200,JAX@DEN 09/29/2019 04:25PM ET,JAX,17.89
QB,Teddy Bridgewater (13429081),Teddy Bridgewater,13429081,QB,5200,DAL@NO 09/29/2019 08:20PM ET,NO,11.69
QB,Andy Dalton (13429079),Andy Dalton,13429079,QB,5200,CIN@PIT 09/30/2019 08:15PM ET,CIN,22.14
QB,Marcus Mariota (13428605),Marcus Mariota,13428605,QB,5100,TEN@ATL 09/29/2019 01:00PM ET,TEN,18.75
WR,Jarvis Landry (13428535),Jarvis Landry,13428535,WR/FLEX,5100,CLE@BAL 09/29/2019 01:00PM ET,CLE,9.03
WR,Mecole Hardman (13429027),Mecole Hardman,13429027,WR/FLEX,5100,KC@DET 09/29/2019 01:00PM ET,KC,11.5
RB,Josh Jacobs (13429045),Josh Jacobs,13429045,RB/FLEX,5100,OAK@IND 09/29/2019 01:00PM ET,OAK,12.87
WR,Christian Kirk (13428926),Christian Kirk,13428926,WR/FLEX,5100,SEA@ARI 09/29/2019 04:05PM ET,ARI,15.57
WR,DJ Chark Jr. (13428813),DJ Chark Jr.,13428813,WR/FLEX,5100,JAX@DEN 09/29/2019 04:25PM ET,JAX,21.23
RB,Devonta Freeman (13428547),Devonta Freeman,13428547,RB/FLEX,5000,TEN@ATL 09/29/2019 01:00PM ET,ATL,9
WR,Calvin Ridley (13428995),Calvin Ridley,13428995,WR/FLEX,5000,TEN@ATL 09/29/2019 01:00PM ET,ATL,15.17
TE,Mark Andrews (13428806),Mark Andrews,13428806,TE/FLEX,5000,CLE@BAL 09/29/2019 01:00PM ET,BAL,20.17
WR,Golden Tate (13428406),Golden Tate,13428406,WR/FLEX,5000,WAS@NYG 09/29/2019 01:00PM ET,NYG,0
QB,Kirk Cousins (13428415),Kirk Cousins,13428415,QB,5000,MIN@CHI 09/29/2019 04:25PM ET,MIN,12.93
QB,Mitchell Trubisky (13428716),Mitchell Trubisky,13428716,QB,5000,MIN@CHI 09/29/2019 04:25PM ET,CHI,11.75
QB,Ben Roethlisberger (13429080),Ben Roethlisberger,13429080,QB,5000,CIN@PIT 09/30/2019 08:15PM ET,PIT,6.87
RB,James White (13428505),James White,13428505,RB/FLEX,4900,NE@BUF 09/29/2019 01:00PM ET,NE,12.55
WR,Parris Campbell (13428891),Parris Campbell,13428891,WR/FLEX,4900,OAK@IND 09/29/2019 01:00PM ET,IND,5.13
QB,Case Keenum (13428388),Case Keenum,13428388,QB,4900,WAS@NYG 09/29/2019 01:00PM ET,WAS,22.17
WR,Emmanuel Sanders (13428372),Emmanuel Sanders,13428372,WR/FLEX,4900,JAX@DEN 09/29/2019 04:25PM ET,DEN,17.13
WR,John Ross III (13429156),John Ross III,13429156,WR/FLEX,4900,CIN@PIT 09/30/2019 08:15PM ET,CIN,21.73
WR,Marquez Valdes-Scantling (13429158),Marquez Valdes-Scantling,13429158,WR/FLEX,4800,PHI@GB 09/26/2019 08:20PM ET,GB,12
TE,Delanie Walker (13428345),Delanie Walker,13428345,TE/FLEX,4800,TEN@ATL 09/29/2019 01:00PM ET,TEN,14.6
WR,Mike Williams (13428731),Mike Williams,13428731,WR/FLEX,4800,LAC@MIA 09/29/2019 01:00PM ET,LAC,7.9
QB,Eli Manning (13428351),Eli Manning,13428351,QB,4800,WAS@NYG 09/29/2019 01:00PM ET,NYG,15.52
WR,DK Metcalf (13429051),DK Metcalf,13429051,WR/FLEX,4800,SEA@ARI 09/29/2019 04:05PM ET,SEA,12.23
RB,Royce Freeman (13428881),Royce Freeman,13428881,RB/FLEX,4800,JAX@DEN 09/29/2019 04:25PM ET,DEN,11.2
WR,Cole Beasley (13428427),Cole Beasley,13428427,WR/FLEX,4700,NE@BUF 09/29/2019 01:00PM ET,BUF,12.03
WR,Phillip Dorsett II (13428553),Phillip Dorsett II,13428553,WR/FLEX,4700,NE@BUF 09/29/2019 01:00PM ET,NE,16.97
RB,Darrel Williams (13428821),Darrel Williams,13428821,RB/FLEX,4700,KC@DET 09/29/2019 01:00PM ET,KC,5.3
QB,Dwayne Haskins Jr. (13429053),Dwayne Haskins Jr.,13429053,QB,4700,WAS@NYG 09/29/2019 01:00PM ET,WAS,0
QB,Josh McCown (13429082),Josh McCown,13429082,QB,4600,PHI@GB 09/26/2019 08:20PM ET,PHI,0.96
RB,Jordan Howard (13429100),Jordan Howard,13429100,RB/FLEX,4600,PHI@GB 09/26/2019 08:20PM ET,PHI,6.93
WR,Curtis Samuel (13428809),Curtis Samuel,13428809,WR/FLEX,4600,CAR@HOU 09/29/2019 01:00PM ET,CAR,12.27
RB,Wayne Gallman Jr. (13428729),Wayne Gallman Jr.,13428729,RB/FLEX,4600,WAS@NYG 09/29/2019 01:00PM ET,NYG,4.8
RB,Tarik Cohen (13428791),Tarik Cohen,13428791,RB/FLEX,4600,MIN@CHI 09/29/2019 04:25PM ET,CHI,7.27
QB,Joe Flacco (13428344),Joe Flacco,13428344,QB,4600,JAX@DEN 09/29/2019 04:25PM ET,DEN,12.84
WR,Courtland Sutton (13428906),Courtland Sutton,13428906,WR/FLEX,4600,JAX@DEN 09/29/2019 04:25PM ET,DEN,14.57
RB,Tony Pollard (13429102),Tony Pollard,13429102,RB/FLEX,4600,DAL@NO 09/29/2019 08:20PM ET,DAL,10.23
RB,Miles Sanders (13429104),Miles Sanders,13429104,RB/FLEX,4500,PHI@GB 09/26/2019 08:20PM ET,PHI,8
WR,Geronimo Allison (13429160),Geronimo Allison,13429160,WR/FLEX,4500,PHI@GB 09/26/2019 08:20PM ET,GB,4.13
WR,Will Fuller V (13428779),Will Fuller V,13428779,WR/FLEX,4500,CAR@HOU 09/29/2019 01:00PM ET,HOU,9
WR,Zach Pascal (13428644),Zach Pascal,13428644,WR/FLEX,4500,OAK@IND 09/29/2019 01:00PM ET,IND,4.43
QB,Josh Rosen (13428951),Josh Rosen,13428951,QB,4500,LAC@MIA 09/29/2019 01:00PM ET,MIA,3.79
RB,Chris Thompson (13428474),Chris Thompson,13428474,RB/FLEX,4500,WAS@NYG 09/29/2019 01:00PM ET,WAS,13.23
WR,Terry McLaurin (13428893),Terry McLaurin,13428893,WR/FLEX,4500,WAS@NYG 09/29/2019 01:00PM ET,WAS,20.9
WR,Willie Snead IV (13428540),Willie Snead IV,13428540,WR/FLEX,4400,CLE@BAL 09/29/2019 01:00PM ET,BAL,7.1
RB,Frank Gore (13428337),Frank Gore,13428337,RB/FLEX,4400,NE@BUF 09/29/2019 01:00PM ET,BUF,11.73
RB,Rex Burkhead (13428464),Rex Burkhead,13428464,RB/FLEX,4400,NE@BUF 09/29/2019 01:00PM ET,NE,13.73
QB,Ryan Fitzpatrick (13428339),Ryan Fitzpatrick,13428339,QB,4400,LAC@MIA 09/29/2019 01:00PM ET,MIA,4.51
RB,Malcolm Brown (13428572),Malcolm Brown,13428572,RB/FLEX,4400,TB@LAR 09/29/2019 04:05PM ET,LAR,7.9
RB,Ronald Jones II (13428971),Ronald Jones II,13428971,RB/FLEX,4400,TB@LAR 09/29/2019 04:05PM ET,TB,8.1
QB,Chase Daniel (13428365),Chase Daniel,13428365,QB,4400,MIN@CHI 09/29/2019 04:25PM ET,CHI,0
WR,Randall Cobb (13429162),Randall Cobb,13429162,WR/FLEX,4400,DAL@NO 09/29/2019 08:20PM ET,DAL,9.9
WR,Diontae Johnson (13429164),Diontae Johnson,13429164,WR/FLEX,4400,CIN@PIT 09/30/2019 08:15PM ET,PIT,7.67
RB,Jamaal Williams (13429106),Jamaal Williams,13429106,RB/FLEX,4300,PHI@GB 09/26/2019 08:20PM ET,GB,9.07
QB,Ryan Tannehill (13428392),Ryan Tannehill,13428392,QB,4300,TEN@ATL 09/29/2019 01:00PM ET,TEN,-0.2
TE,Austin Hooper (13428733),Austin Hooper,13428733,TE/FLEX,4300,TEN@ATL 09/29/2019 01:00PM ET,ATL,16.23
RB,Darwin Thompson (13429066),Darwin Thompson,13429066,RB/FLEX,4300,KC@DET 09/29/2019 01:00PM ET,KC,0.73
RB,Carlos Hyde (13428487),Carlos Hyde,13428487,RB/FLEX,4300,CAR@HOU 09/29/2019 01:00PM ET,HOU,8.8
RB,Adrian Peterson (13428363),Adrian Peterson,13428363,RB/FLEX,4300,WAS@NYG 09/29/2019 01:00PM ET,WAS,7.8
RB,Elijhaa Penny (13428598),Elijhaa Penny,13428598,RB/FLEX,4300,WAS@NYG 09/29/2019 01:00PM ET,NYG,0.1
RB,Peyton Barber (13428752),Peyton Barber,13428752,RB/FLEX,4300,TB@LAR 09/29/2019 04:05PM ET,TB,9.97
WR,Marqise Lee (13428555),Marqise Lee,13428555,WR/FLEX,4300,JAX@DEN 09/29/2019 04:25PM ET,JAX,0
QB,Taysom Hill (13429083),Taysom Hill,13429083,QB,4300,DAL@NO 09/29/2019 08:20PM ET,NO,4.77
WR,James Washington (13429166),James Washington,13429166,WR/FLEX,4300,CIN@PIT 09/30/2019 08:15PM ET,PIT,4.93
WR,Corey Davis (13428719),Corey Davis,13428719,WR/FLEX,4200,TEN@ATL 09/29/2019 01:00PM ET,TEN,4.73
RB,Devin Singletary (13429021),Devin Singletary,13429021,RB/FLEX,4200,NE@BUF 09/29/2019 01:00PM ET,BUF,13.25
TE,Greg Olsen (13428347),Greg Olsen,13428347,TE/FLEX,4200,CAR@HOU 09/29/2019 01:00PM ET,CAR,17.7
WR,Kenny Stills (13428485),Kenny Stills,13428485,WR/FLEX,4200,CAR@HOU 09/29/2019 01:00PM ET,HOU,10.47
RB,Duke Johnson (13428661),Duke Johnson,13428661,RB/FLEX,4200,CAR@HOU 09/29/2019 01:00PM ET,HOU,6.83
RB,Kenyan Drake (13428679),Kenyan Drake,13428679,RB/FLEX,4200,LAC@MIA 09/29/2019 01:00PM ET,MIA,7.9
RB,Rashaad Penny (13428914),Rashaad Penny,13428914,RB/FLEX,4200,SEA@ARI 09/29/2019 04:05PM ET,SEA,7.65
QB,Sean Mannion (13428515),Sean Mannion,13428515,QB,4200,MIN@CHI 09/29/2019 04:25PM ET,MIN,-0.2
QB,Cooper Rush (13429084),Cooper Rush,13429084,QB,4200,DAL@NO 09/29/2019 08:20PM ET,DAL,0
RB,Jaylen Samuels (13429108),Jaylen Samuels,13429108,RB/FLEX,4200,CIN@PIT 09/30/2019 08:15PM ET,PIT,1.9
QB,Tim Boyle (13429085),Tim Boyle,13429085,QB,4100,PHI@GB 09/26/2019 08:20PM ET,GB,0
QB,Matt Schaub (13428357),Matt Schaub,13428357,QB,4100,TEN@ATL 09/29/2019 01:00PM ET,ATL,0
WR,Mohamed Sanu (13428456),Mohamed Sanu,13428456,WR/FLEX,4100,TEN@ATL 09/29/2019 01:00PM ET,ATL,10
QB,Robert Griffin III (13428420),Robert Griffin III,13428420,QB,4100,CLE@BAL 09/29/2019 01:00PM ET,BAL,7.1
QB,Garrett Gilbert (13428468),Garrett Gilbert,13428468,QB,4100,CLE@BAL 09/29/2019 01:00PM ET,CLE,0
QB,Matt Barkley (13428458),Matt Barkley,13428458,QB,4100,NE@BUF 09/29/2019 01:00PM ET,BUF,0
QB,Jarrett Stidham (13428930),Jarrett Stidham,13428930,QB,4100,NE@BUF 09/29/2019 01:00PM ET,NE,-0.44
QB,Matt Moore (13428340),Matt Moore,13428340,QB,4100,KC@DET 09/29/2019 01:00PM ET,KC,-0.1
QB,Jeff Driskel (13428546),Jeff Driskel,13428546,QB,4100,KC@DET 09/29/2019 01:00PM ET,DET,0
QB,David Blough (13428808),David Blough,13428808,QB,4100,KC@DET 09/29/2019 01:00PM ET,DET,0
QB,AJ McCarron (13428471),AJ McCarron,13428471,QB,4100,CAR@HOU 09/29/2019 01:00PM ET,HOU,0
QB,Brian Hoyer (13428360),Brian Hoyer,13428360,QB,4100,OAK@IND 09/29/2019 01:00PM ET,IND,0
QB,Mike Glennon (13428436),Mike Glennon,13428436,QB,4100,OAK@IND 09/29/2019 01:00PM ET,OAK,0
QB,Tyrod Taylor (13428405),Tyrod Taylor,13428405,QB,4100,LAC@MIA 09/29/2019 01:00PM ET,LAC,0
WR,DeVante Parker (13428563),DeVante Parker,13428563,WR/FLEX,4100,LAC@MIA 09/29/2019 01:00PM ET,MIA,6.37
TE,Hunter Henry (13428750),Hunter Henry,13428750,TE/FLEX,4100,LAC@MIA 09/29/2019 01:00PM ET,LAC,10
RB,Justin Jackson (13428854),Justin Jackson,13428854,RB/FLEX,4100,LAC@MIA 09/29/2019 01:00PM ET,LAC,7.17
QB,Colt McCoy (13428368),Colt McCoy,13428368,QB,4100,WAS@NYG 09/29/2019 01:00PM ET,WAS,0
QB,Geno Smith (13428478),Geno Smith,13428478,QB,4100,SEA@ARI 09/29/2019 04:05PM ET,SEA,0
QB,Brett Hundley (13428537),Brett Hundley,13428537,QB,4100,SEA@ARI 09/29/2019 04:05PM ET,ARI,0
QB,Blaine Gabbert (13428431),Blaine Gabbert,13428431,QB,4100,TB@LAR 09/29/2019 04:05PM ET,TB,0
QB,Blake Bortles (13428526),Blake Bortles,13428526,QB,4100,TB@LAR 09/29/2019 04:05PM ET,LAR,0
QB,Brandon Allen (13428571),Brandon Allen,13428571,QB,4100,JAX@DEN 09/29/2019 04:25PM ET,DEN,0
QB,Josh Dobbs (13428739),Josh Dobbs,13428739,QB,4100,JAX@DEN 09/29/2019 04:25PM ET,JAX,0
QB,Ryan Finley (13429086),Ryan Finley,13429086,QB,4100,CIN@PIT 09/30/2019 08:15PM ET,CIN,0
QB,Devlin Hodges (13429087),Devlin Hodges,13429087,QB,4100,CIN@PIT 09/30/2019 08:15PM ET,PIT,0
QB,Nate Sudfeld (13429088),Nate Sudfeld,13429088,QB,4000,PHI@GB 09/26/2019 08:20PM ET,PHI,0
WR,JJ Arcega-Whiteside (13429168),JJ Arcega-Whiteside,13429168,WR/FLEX,4000,PHI@GB 09/26/2019 08:20PM ET,PHI,1.13
WR,Adam Humphries (13428559),Adam Humphries,13428559,WR/FLEX,4000,TEN@ATL 09/29/2019 01:00PM ET,TEN,6.27
QB,Trace McSorley (13428897),Trace McSorley,13428897,QB,4000,CLE@BAL 09/29/2019 01:00PM ET,BAL,0
QB,Will Grier (13428801),Will Grier,13428801,QB,4000,CAR@HOU 09/29/2019 01:00PM ET,CAR,0
QB,Alex McGough (13428842),Alex McGough,13428842,QB,4000,CAR@HOU 09/29/2019 01:00PM ET,HOU,0
TE,Eric Ebron (13428584),Eric Ebron,13428584,TE/FLEX,4000,OAK@IND 09/29/2019 01:00PM ET,IND,7
QB,Chad Kelly (13428639),Chad Kelly,13428639,QB,4000,OAK@IND 09/29/2019 01:00PM ET,IND,0
RB,Jalen Richard (13428667),Jalen Richard,13428667,RB/FLEX,4000,OAK@IND 09/29/2019 01:00PM ET,OAK,2.9
QB,DeShone Kizer (13428911),DeShone Kizer,13428911,QB,4000,OAK@IND 09/29/2019 01:00PM ET,OAK,0
RB,Nyheim Hines (13428973),Nyheim Hines,13428973,RB/FLEX,4000,OAK@IND 09/29/2019 01:00PM ET,IND,4.67
WR,Albert Wilson (13428507),Albert Wilson,13428507,WR/FLEX,4000,LAC@MIA 09/29/2019 01:00PM ET,MIA,3.4
QB,Easton Stick (13428858),Easton Stick,13428858,QB,4000,LAC@MIA 09/29/2019 01:00PM ET,LAC,0
QB,Alex Tanney (13428622),Alex Tanney,13428622,QB,4000,WAS@NYG 09/29/2019 01:00PM ET,NYG,0
RB,C.J. Prosise (13428691),C.J. Prosise,13428691,RB/FLEX,4000,SEA@ARI 09/29/2019 04:05PM ET,SEA,4.77
QB,Ryan Griffin (13428443),Ryan Griffin,13428443,QB,4000,TB@LAR 09/29/2019 04:05PM ET,TB,0
WR,Chris Conley (13428542),Chris Conley,13428542,WR/FLEX,4000,JAX@DEN 09/29/2019 04:25PM ET,JAX,12.67
QB,Jake Dolegala (13429089),Jake Dolegala,13429089,QB,4000,CIN@PIT 09/30/2019 08:15PM ET,CIN,0
RB,Giovani Bernard (13429110),Giovani Bernard,13429110,RB/FLEX,4000,CIN@PIT 09/30/2019 08:15PM ET,CIN,4.6
TE,Vance McDonald (13429210),Vance McDonald,13429210,TE/FLEX,4000,CIN@PIT 09/30/2019 08:15PM ET,PIT,10.27
WR,Danny Amendola (13428358),Danny Amendola,13428358,WR/FLEX,3900,KC@DET 09/29/2019 01:00PM ET,DET,11.37
WR,Preston Williams (13428954),Preston Williams,13428954,WR/FLEX,3900,LAC@MIA 09/29/2019 01:00PM ET,MIA,10.83
TE,O.J. Howard (13428723),O.J. Howard,13428723,TE/FLEX,3900,TB@LAR 09/29/2019 04:05PM ET,TB,5.27
RB,Alexander Mattison (13429043),Alexander Mattison,13429043,RB/FLEX,3900,MIN@CHI 09/29/2019 04:25PM ET,MIN,6.4
RB,Latavius Murray (13429112),Latavius Murray,13429112,RB/FLEX,3900,DAL@NO 09/29/2019 08:20PM ET,NO,5.4
TE,Jason Witten (13429212),Jason Witten,13429212,TE/FLEX,3900,DAL@NO 09/29/2019 08:20PM ET,DAL,10.47
WR,Hunter Renfrow (13428918),Hunter Renfrow,13428918,WR/FLEX,3800,OAK@IND 09/29/2019 01:00PM ET,OAK,5.37
DST,Chargers  (13428329),Chargers ,13428329,DST,3800,LAC@MIA 09/29/2019 01:00PM ET,LAC,4.67
RB,Kalen Ballage (13428802),Kalen Ballage,13428802,RB/FLEX,3800,LAC@MIA 09/29/2019 01:00PM ET,MIA,2.7
TE,Trey Burton (13428481),Trey Burton,13428481,TE/FLEX,3800,MIN@CHI 09/29/2019 04:25PM ET,CHI,4.25
WR,Ted Ginn Jr. (13429170),Ted Ginn Jr.,13429170,WR/FLEX,3800,DAL@NO 09/29/2019 08:20PM ET,NO,7.87
WR,Tre'Quan Smith (13429178),Tre'Quan Smith,13429178,WR/FLEX,3800,DAL@NO 09/29/2019 08:20PM ET,NO,9.25
TE,Jimmy Graham (13429214),Jimmy Graham,13429214,TE/FLEX,3700,PHI@GB 09/26/2019 08:20PM ET,GB,4
RB,Dion Lewis (13428459),Dion Lewis,13428459,RB/FLEX,3700,TEN@ATL 09/29/2019 01:00PM ET,TEN,3.23
RB,Ito Smith (13428871),Ito Smith,13428871,RB/FLEX,3700,TEN@ATL 09/29/2019 01:00PM ET,ATL,3.83
WR,A.J. Brown (13429049),A.J. Brown,13429049,WR/FLEX,3700,TEN@ATL 09/29/2019 01:00PM ET,TEN,7.63
DST,Patriots  (13428326),Patriots ,13428326,DST,3700,NE@BUF 09/29/2019 01:00PM ET,NE,19.33
RB,T.J. Yeldon (13428627),T.J. Yeldon,13428627,RB/FLEX,3700,NE@BUF 09/29/2019 01:00PM ET,BUF,1.97
TE,Jack Doyle (13428452),Jack Doyle,13428452,TE/FLEX,3700,OAK@IND 09/29/2019 01:00PM ET,IND,5.23
WR,Paul Richardson Jr. (13428522),Paul Richardson Jr.,13428522,WR/FLEX,3700,WAS@NYG 09/29/2019 01:00PM ET,WAS,13.5
WR,Malik Turner (13428850),Malik Turner,13428850,WR/FLEX,3700,SEA@ARI 09/29/2019 04:05PM ET,SEA,4.1
WR,Anthony Miller (13428771),Anthony Miller,13428771,WR/FLEX,3700,MIN@CHI 09/29/2019 04:25PM ET,CHI,1.23
WR,Taylor Gabriel (13428789),Taylor Gabriel,13428789,WR/FLEX,3700,MIN@CHI 09/29/2019 04:25PM ET,CHI,13.37
DST,Jaguars  (13428334),Jaguars ,13428334,DST,3700,JAX@DEN 09/29/2019 04:25PM ET,JAX,6.33
WR,Devin Smith (13429172),Devin Smith,13429172,WR/FLEX,3700,DAL@NO 09/29/2019 08:20PM ET,DAL,7.43
RB,Gus Edwards (13428735),Gus Edwards,13428735,RB/FLEX,3600,CLE@BAL 09/29/2019 01:00PM ET,BAL,5.17
WR,J.J. Nelson (13428513),J.J. Nelson,13428513,WR/FLEX,3600,OAK@IND 09/29/2019 01:00PM ET,OAK,6.8
DST,Giants  (13428327),Giants ,13428327,DST,3600,WAS@NYG 09/29/2019 01:00PM ET,NYG,1.67
WR,Cody Latimer (13428614),Cody Latimer,13428614,WR/FLEX,3600,WAS@NYG 09/29/2019 01:00PM ET,NYG,8.2
RB,Chase Edmonds (13428865),Chase Edmonds,13428865,RB/FLEX,3600,SEA@ARI 09/29/2019 04:05PM ET,ARI,2.57
TE,Will Dissly (13428898),Will Dissly,13428898,TE/FLEX,3600,SEA@ARI 09/29/2019 04:05PM ET,SEA,14.13
WR,Cordarrelle Patterson (13428652),Cordarrelle Patterson,13428652,WR/FLEX,3600,MIN@CHI 09/29/2019 04:25PM ET,CHI,3.03
WR,DaeSean Hamilton (13428769),DaeSean Hamilton,13428769,WR/FLEX,3600,JAX@DEN 09/29/2019 04:25PM ET,DEN,2
TE,Jared Cook (13429216),Jared Cook,13429216,TE/FLEX,3600,DAL@NO 09/29/2019 08:20PM ET,NO,3.97
WR,Donte Moncrief (13429174),Donte Moncrief,13429174,WR/FLEX,3600,CIN@PIT 09/30/2019 08:15PM ET,PIT,1.85
RB,Darren Sproles (13429114),Darren Sproles,13429114,RB/FLEX,3500,PHI@GB 09/26/2019 08:20PM ET,PHI,4.73
WR,Mack Hollins (13429176),Mack Hollins,13429176,WR/FLEX,3500,PHI@GB 09/26/2019 08:20PM ET,PHI,6.73
RB,Qadree Ollison (13428863),Qadree Ollison,13428863,RB/FLEX,3500,TEN@ATL 09/29/2019 01:00PM ET,ATL,0
RB,Dontrell Hilliard (13428811),Dontrell Hilliard,13428811,RB/FLEX,3500,CLE@BAL 09/29/2019 01:00PM ET,CLE,4.4
WR,Damion Ratley (13428928),Damion Ratley,13428928,WR/FLEX,3500,CLE@BAL 09/29/2019 01:00PM ET,CLE,5.43
RB,Justice Hill (13429033),Justice Hill,13429033,RB/FLEX,3500,CLE@BAL 09/29/2019 01:00PM ET,BAL,1.73
TE,Ben Watson (13428355),Ben Watson,13428355,TE/FLEX,3500,NE@BUF 09/29/2019 01:00PM ET,NE,0
WR,Jakobi Meyers (13428975),Jakobi Meyers,13428975,WR/FLEX,3500,NE@BUF 09/29/2019 01:00PM ET,NE,4.5
WR,Jakeem Grant (13428578),Jakeem Grant,13428578,WR/FLEX,3500,LAC@MIA 09/29/2019 01:00PM ET,MIA,3.87
WR,Bennie Fowler III (13428476),Bennie Fowler III,13428476,WR/FLEX,3500,WAS@NYG 09/29/2019 01:00PM ET,NYG,7.53
DST,Rams  (13428323),Rams ,13428323,DST,3500,TB@LAR 09/29/2019 04:05PM ET,LAR,8.67
RB,Darrell Henderson Jr. (13429017),Darrell Henderson Jr.,13429017,RB/FLEX,3500,TB@LAR 09/29/2019 04:05PM ET,LAR,0
TE,Kyle Rudolph (13428446),Kyle Rudolph,13428446,TE/FLEX,3500,MIN@CHI 09/29/2019 04:25PM ET,MIN,2
WR,Keelan Cole (13428799),Keelan Cole,13428799,WR/FLEX,3500,JAX@DEN 09/29/2019 04:25PM ET,JAX,0
RB,Samaje Perine (13429116),Samaje Perine,13429116,RB/FLEX,3500,CIN@PIT 09/30/2019 08:15PM ET,CIN,0
WR,Chris Moore (13428596),Chris Moore,13428596,WR/FLEX,3400,CLE@BAL 09/29/2019 01:00PM ET,BAL,0
WR,Rashard Higgins (13428740),Rashard Higgins,13428740,WR/FLEX,3400,CLE@BAL 09/29/2019 01:00PM ET,CLE,6.6
TE,Vernon Davis (13428341),Vernon Davis,13428341,TE/FLEX,3400,WAS@NYG 09/29/2019 01:00PM ET,WAS,8.93
TE,Jordan Reed (13428472),Jordan Reed,13428472,TE/FLEX,3400,WAS@NYG 09/29/2019 01:00PM ET,WAS,0
WR,Michael Crabtree (13428376),Michael Crabtree,13428376,WR/FLEX,3400,SEA@ARI 09/29/2019 04:05PM ET,ARI,3.1
WR,Jaron Brown (13428434),Jaron Brown,13428434,WR/FLEX,3400,SEA@ARI 09/29/2019 04:05PM ET,SEA,2
WR,David Moore (13429062),David Moore,13429062,WR/FLEX,3400,SEA@ARI 09/29/2019 04:05PM ET,SEA,3.9
RB,Dare Ogunbowale (13428699),Dare Ogunbowale,13428699,RB/FLEX,3400,TB@LAR 09/29/2019 04:05PM ET,TB,4.83
DST,Bears  (13428315),Bears ,13428315,DST,3400,MIN@CHI 09/29/2019 04:25PM ET,CHI,11.67
DST,Vikings  (13428325),Vikings ,13428325,DST,3400,MIN@CHI 09/29/2019 04:25PM ET,MIN,9.67
WR,Javon Wims (13429029),Javon Wims,13429029,WR/FLEX,3400,MIN@CHI 09/29/2019 04:25PM ET,CHI,0.6
TE,Hayden Hurst (13428985),Hayden Hurst,13428985,TE/FLEX,3300,CLE@BAL 09/29/2019 01:00PM ET,BAL,5.87
RB,Damien Harris (13428997),Damien Harris,13428997,RB/FLEX,3300,NE@BUF 09/29/2019 01:00PM ET,NE,0
TE,T.J. Hockenson (13429037),T.J. Hockenson,13429037,TE/FLEX,3300,KC@DET 09/29/2019 01:00PM ET,DET,10.3
RB,Isaiah Crowell (13428600),Isaiah Crowell,13428600,RB/FLEX,3300,OAK@IND 09/29/2019 01:00PM ET,OAK,0
DST,Seahawks  (13428330),Seahawks ,13428330,DST,3300,SEA@ARI 09/29/2019 04:05PM ET,SEA,5.67
WR,Damiere Byrd (13428574),Damiere Byrd,13428574,WR/FLEX,3300,SEA@ARI 09/29/2019 04:05PM ET,ARI,7.2
RB,Mike Davis (13428675),Mike Davis,13428675,RB/FLEX,3300,MIN@CHI 09/29/2019 04:25PM ET,CHI,3.3
WR,Chad Beebe (13428758),Chad Beebe,13428758,WR/FLEX,3300,MIN@CHI 09/29/2019 04:25PM ET,MIN,3
RB,Ryquell Armstead (13429005),Ryquell Armstead,13429005,RB/FLEX,3300,JAX@DEN 09/29/2019 04:25PM ET,JAX,0.23
RB,Benny Snell Jr. (13429118),Benny Snell Jr.,13429118,RB/FLEX,3300,CIN@PIT 09/30/2019 08:15PM ET,PIT,0.97
WR,Tajae Sharpe (13428701),Tajae Sharpe,13428701,WR/FLEX,3200,TEN@ATL 09/29/2019 01:00PM ET,TEN,4.47
DST,Ravens  (13428335),Ravens ,13428335,DST,3200,CLE@BAL 09/29/2019 01:00PM ET,BAL,5.67
RB,Jordan Wilkins (13428775),Jordan Wilkins,13428775,RB/FLEX,3200,OAK@IND 09/29/2019 01:00PM ET,IND,3.13
WR,Deon Cain (13428946),Deon Cain,13428946,WR/FLEX,3200,OAK@IND 09/29/2019 01:00PM ET,IND,2.5
WR,Darius Slayton (13428981),Darius Slayton,13428981,WR/FLEX,3200,WAS@NYG 09/29/2019 01:00PM ET,NYG,11.2
WR,KeeSean Johnson (13428902),KeeSean Johnson,13428902,WR/FLEX,3200,SEA@ARI 09/29/2019 04:05PM ET,ARI,6.67
TE,Tyler Higbee (13428569),Tyler Higbee,13428569,TE/FLEX,3200,TB@LAR 09/29/2019 04:05PM ET,LAR,8.05
WR,Breshad Perriman (13428637),Breshad Perriman,13428637,WR/FLEX,3200,TB@LAR 09/29/2019 04:05PM ET,TB,1.97
TE,Gerald Everett (13428904),Gerald Everett,13428904,TE/FLEX,3200,TB@LAR 09/29/2019 04:05PM ET,LAR,3.43
WR,Alex Erickson (13429180),Alex Erickson,13429180,WR/FLEX,3200,CIN@PIT 09/30/2019 08:15PM ET,CIN,3.5
WR,Auden Tate (13429182),Auden Tate,13429182,WR/FLEX,3200,CIN@PIT 09/30/2019 08:15PM ET,CIN,7.7
TE,Tyler Eifert (13429218),Tyler Eifert,13429218,TE/FLEX,3200,CIN@PIT 09/30/2019 08:15PM ET,CIN,6.8
DST,Steelers  (13429248),Steelers ,13429248,DST,3200,CIN@PIT 09/30/2019 08:15PM ET,PIT,6
DST,Packers  (13429249),Packers ,13429249,DST,3100,PHI@GB 09/26/2019 08:20PM ET,GB,13
WR,Zay Jones (13428756),Zay Jones,13428756,WR/FLEX,3100,NE@BUF 09/29/2019 01:00PM ET,BUF,3.83
WR,Robert Foster (13428787),Robert Foster,13428787,WR/FLEX,3100,NE@BUF 09/29/2019 01:00PM ET,BUF,0
RB,Jakob Johnson (13428804),Jakob Johnson,13428804,RB/FLEX,3100,NE@BUF 09/29/2019 01:00PM ET,NE,0
WR,Isaiah McKenzie (13428828),Isaiah McKenzie,13428828,WR/FLEX,3100,NE@BUF 09/29/2019 01:00PM ET,BUF,5.1
WR,Marvin Hall (13428603),Marvin Hall,13428603,WR/FLEX,3100,KC@DET 09/29/2019 01:00PM ET,DET,0
RB,Paul Perkins (13428654),Paul Perkins,13428654,RB/FLEX,3100,KC@DET 09/29/2019 01:00PM ET,DET,0
DST,Texans  (13428314),Texans ,13428314,DST,3100,CAR@HOU 09/29/2019 01:00PM ET,HOU,6.67
WR,DeAndre Carter (13428618),DeAndre Carter,13428618,WR/FLEX,3100,CAR@HOU 09/29/2019 01:00PM ET,HOU,0.3
TE,Jordan Akins (13428900),Jordan Akins,13428900,TE/FLEX,3100,CAR@HOU 09/29/2019 01:00PM ET,HOU,9.83
RB,Jordan Scarlett (13428967),Jordan Scarlett,13428967,RB/FLEX,3100,CAR@HOU 09/29/2019 01:00PM ET,CAR,0
WR,Keke Coutee (13428989),Keke Coutee,13428989,WR/FLEX,3100,CAR@HOU 09/29/2019 01:00PM ET,HOU,1.35
DST,Colts  (13428320),Colts ,13428320,DST,3100,OAK@IND 09/29/2019 01:00PM ET,IND,4.67
WR,Chester Rogers (13428697),Chester Rogers,13428697,WR/FLEX,3100,OAK@IND 09/29/2019 01:00PM ET,IND,1.8
WR,Russell Shepard (13428454),Russell Shepard,13428454,WR/FLEX,3100,WAS@NYG 09/29/2019 01:00PM ET,NYG,1.83
RB,Wendell Smallwood (13428712),Wendell Smallwood,13428712,RB/FLEX,3100,WAS@NYG 09/29/2019 01:00PM ET,WAS,1.1
WR,Andy Isabella (13428965),Andy Isabella,13428965,WR/FLEX,3100,SEA@ARI 09/29/2019 04:05PM ET,ARI,0
WR,Josh Reynolds (13428824),Josh Reynolds,13428824,WR/FLEX,3100,TB@LAR 09/29/2019 04:05PM ET,LAR,0
TE,Adam Shaheen (13429058),Adam Shaheen,13429058,TE/FLEX,3100,MIN@CHI 09/29/2019 04:25PM ET,CHI,2.9
RB,Devontae Booker (13428725),Devontae Booker,13428725,RB/FLEX,3100,JAX@DEN 09/29/2019 04:25PM ET,DEN,0
WR,Deonte Harris (13429186),Deonte Harris,13429186,WR/FLEX,3100,DAL@NO 09/29/2019 08:20PM ET,NO,1.77
WR,Lil'Jordan Humphrey (13429188),Lil'Jordan Humphrey,13429188,WR/FLEX,3100,DAL@NO 09/29/2019 08:20PM ET,NO,0
WR,Ryan Switzer (13429184),Ryan Switzer,13429184,WR/FLEX,3100,CIN@PIT 09/30/2019 08:15PM ET,PIT,3.3
RB,Dexter Williams (13429120),Dexter Williams,13429120,RB/FLEX,3000,PHI@GB 09/26/2019 08:20PM ET,GB,0
RB,Danny Vitale (13429122),Danny Vitale,13429122,RB/FLEX,3000,PHI@GB 09/26/2019 08:20PM ET,GB,1.23
RB,Corey Clement (13429124),Corey Clement,13429124,RB/FLEX,3000,PHI@GB 09/26/2019 08:20PM ET,PHI,-0.5
WR,Jake Kumerow (13429190),Jake Kumerow,13429190,WR/FLEX,3000,PHI@GB 09/26/2019 08:20PM ET,GB,1.1
WR,Darrius Shepherd (13429192),Darrius Shepherd,13429192,WR/FLEX,3000,PHI@GB 09/26/2019 08:20PM ET,GB,0
WR,Allen Lazard (13429194),Allen Lazard,13429194,WR/FLEX,3000,PHI@GB 09/26/2019 08:20PM ET,GB,0
WR,Greg Ward (13429196),Greg Ward,13429196,WR/FLEX,3000,PHI@GB 09/26/2019 08:20PM ET,PHI,0
RB,Kenjon Barner (13428425),Kenjon Barner,13428425,RB/FLEX,3000,TEN@ATL 09/29/2019 01:00PM ET,ATL,0.47
WR,Justin Hardy (13428511),Justin Hardy,13428511,WR/FLEX,3000,TEN@ATL 09/29/2019 01:00PM ET,ATL,3.23
RB,Keith Smith (13428518),Keith Smith,13428518,RB/FLEX,3000,TEN@ATL 09/29/2019 01:00PM ET,ATL,0
RB,David Fluellen (13428520),David Fluellen,13428520,RB/FLEX,3000,TEN@ATL 09/29/2019 01:00PM ET,TEN,0
WR,Darius Jennings (13428586),Darius Jennings,13428586,WR/FLEX,3000,TEN@ATL 09/29/2019 01:00PM ET,TEN,0.7
WR,Russell Gage (13428817),Russell Gage,13428817,WR/FLEX,3000,TEN@ATL 09/29/2019 01:00PM ET,ATL,0.73
RB,Brian Hill (13428836),Brian Hill,13428836,RB/FLEX,3000,TEN@ATL 09/29/2019 01:00PM ET,ATL,0
WR,Olamide Zaccheaus (13428993),Olamide Zaccheaus,13428993,WR/FLEX,3000,TEN@ATL 09/29/2019 01:00PM ET,ATL,0
RB,Patrick Ricard (13428642),Patrick Ricard,13428642,RB/FLEX,3000,CLE@BAL 09/29/2019 01:00PM ET,BAL,2.8
WR,Seth Roberts (13428703),Seth Roberts,13428703,WR/FLEX,3000,CLE@BAL 09/29/2019 01:00PM ET,BAL,2.57
RB,Kareem Hunt (13428760),Kareem Hunt,13428760,RB/FLEX,3000,CLE@BAL 09/29/2019 01:00PM ET,CLE,0
WR,Taywan Taylor (13428783),Taywan Taylor,13428783,WR/FLEX,3000,CLE@BAL 09/29/2019 01:00PM ET,CLE,0
WR,KhaDarel Hodge (13428793),KhaDarel Hodge,13428793,WR/FLEX,3000,CLE@BAL 09/29/2019 01:00PM ET,CLE,0
RB,D'Ernest Johnson (13428909),D'Ernest Johnson,13428909,RB/FLEX,3000,CLE@BAL 09/29/2019 01:00PM ET,CLE,4.53
WR,Miles Boykin (13429003),Miles Boykin,13429003,WR/FLEX,3000,CLE@BAL 09/29/2019 01:00PM ET,BAL,3.2
WR,Jaleel Scott (13429011),Jaleel Scott,13429011,WR/FLEX,3000,CLE@BAL 09/29/2019 01:00PM ET,BAL,0
WR,Matthew Slater (13428349),Matthew Slater,13428349,WR/FLEX,3000,NE@BUF 09/29/2019 01:00PM ET,NE,0
WR,Andre Roberts (13428378),Andre Roberts,13428378,WR/FLEX,3000,NE@BUF 09/29/2019 01:00PM ET,BUF,0
RB,James Develin (13428389),James Develin,13428389,RB/FLEX,3000,NE@BUF 09/29/2019 01:00PM ET,NE,0.15
RB,Patrick DiMarco (13428416),Patrick DiMarco,13428416,RB/FLEX,3000,NE@BUF 09/29/2019 01:00PM ET,BUF,1.43
RB,Brandon Bolden (13428441),Brandon Bolden,13428441,RB/FLEX,3000,NE@BUF 09/29/2019 01:00PM ET,NE,2.3
WR,N'Keal Harry (13429009),N'Keal Harry,13429009,WR/FLEX,3000,NE@BUF 09/29/2019 01:00PM ET,NE,0
WR,Gunner Olszewski (13429072),Gunner Olszewski,13429072,WR/FLEX,3000,NE@BUF 09/29/2019 01:00PM ET,NE,-0.33
DST,Chiefs  (13428321),Chiefs ,13428321,DST,3000,KC@DET 09/29/2019 01:00PM ET,KC,6
RB,Anthony Sherman (13428410),Anthony Sherman,13428410,RB/FLEX,3000,KC@DET 09/29/2019 01:00PM ET,KC,0.83
WR,De'Anthony Thomas (13428606),De'Anthony Thomas,13428606,WR/FLEX,3000,KC@DET 09/29/2019 01:00PM ET,KC,0.8
RB,J.D. McKissic (13428610),J.D. McKissic,13428610,RB/FLEX,3000,KC@DET 09/29/2019 01:00PM ET,DET,3
RB,Nick Bawden (13428834),Nick Bawden,13428834,RB/FLEX,3000,KC@DET 09/29/2019 01:00PM ET,DET,1
WR,Travis Fulgham (13428912),Travis Fulgham,13428912,WR/FLEX,3000,KC@DET 09/29/2019 01:00PM ET,DET,0
RB,Ty Johnson (13428961),Ty Johnson,13428961,RB/FLEX,3000,KC@DET 09/29/2019 01:00PM ET,DET,2.57
WR,Byron Pringle (13429013),Byron Pringle,13429013,WR/FLEX,3000,KC@DET 09/29/2019 01:00PM ET,KC,0.57
RB,Taiwan Jones (13428395),Taiwan Jones,13428395,RB/FLEX,3000,CAR@HOU 09/29/2019 01:00PM ET,HOU,0
WR,Jarius Wright (13428439),Jarius Wright,13428439,WR/FLEX,3000,CAR@HOU 09/29/2019 01:00PM ET,CAR,3.9
WR,Chris Hogan (13428531),Chris Hogan,13428531,WR/FLEX,3000,CAR@HOU 09/29/2019 01:00PM ET,CAR,1.27
RB,Reggie Bonnafon (13428856),Reggie Bonnafon,13428856,RB/FLEX,3000,CAR@HOU 09/29/2019 01:00PM ET,CAR,0.17
RB,Buddy Howell (13428867),Buddy Howell,13428867,RB/FLEX,3000,CAR@HOU 09/29/2019 01:00PM ET,HOU,0
RB,Cullen Gillaspia (13428883),Cullen Gillaspia,13428883,RB/FLEX,3000,CAR@HOU 09/29/2019 01:00PM ET,HOU,0
WR,Ray-Ray McCloud (13428948),Ray-Ray McCloud,13428948,WR/FLEX,3000,CAR@HOU 09/29/2019 01:00PM ET,CAR,0
WR,Brandon Zylstra (13429023),Brandon Zylstra,13429023,WR/FLEX,3000,CAR@HOU 09/29/2019 01:00PM ET,CAR,0
RB,Alex Armah (13429060),Alex Armah,13429060,RB/FLEX,3000,CAR@HOU 09/29/2019 01:00PM ET,CAR,2.57
WR,Dwayne Harris (13428374),Dwayne Harris,13428374,WR/FLEX,3000,OAK@IND 09/29/2019 01:00PM ET,OAK,0.85
WR,Ryan Grant (13428462),Ryan Grant,13428462,WR/FLEX,3000,OAK@IND 09/29/2019 01:00PM ET,OAK,2.7
RB,DeAndre Washington (13428580),DeAndre Washington,13428580,RB/FLEX,3000,OAK@IND 09/29/2019 01:00PM ET,OAK,2.83
WR,Trevor Davis (13428620),Trevor Davis,13428620,WR/FLEX,3000,OAK@IND 09/29/2019 01:00PM ET,OAK,1.9
RB,Jonathan Williams (13428671),Jonathan Williams,13428671,RB/FLEX,3000,OAK@IND 09/29/2019 01:00PM ET,IND,0
WR,Jalin Marshall (13428717),Jalin Marshall,13428717,WR/FLEX,3000,OAK@IND 09/29/2019 01:00PM ET,OAK,0
WR,Keelan Doss (13428846),Keelan Doss,13428846,WR/FLEX,3000,OAK@IND 09/29/2019 01:00PM ET,OAK,0
RB,Alec Ingold (13428977),Alec Ingold,13428977,RB/FLEX,3000,OAK@IND 09/29/2019 01:00PM ET,OAK,0
WR,Dontrelle Inman (13428403),Dontrelle Inman,13428403,WR/FLEX,3000,LAC@MIA 09/29/2019 01:00PM ET,LAC,2.87
WR,Travis Benjamin (13428437),Travis Benjamin,13428437,WR/FLEX,3000,LAC@MIA 09/29/2019 01:00PM ET,LAC,1.9
WR,Allen Hurns (13428479),Allen Hurns,13428479,WR/FLEX,3000,LAC@MIA 09/29/2019 01:00PM ET,MIA,2.37
WR,Geremy Davis (13428516),Geremy Davis,13428516,WR/FLEX,3000,LAC@MIA 09/29/2019 01:00PM ET,LAC,0
RB,Derek Watt (13428594),Derek Watt,13428594,RB/FLEX,3000,LAC@MIA 09/29/2019 01:00PM ET,LAC,0.53
RB,Troymaine Pope (13428695),Troymaine Pope,13428695,RB/FLEX,3000,LAC@MIA 09/29/2019 01:00PM ET,LAC,0
RB,Patrick Laird (13428879),Patrick Laird,13428879,RB/FLEX,3000,LAC@MIA 09/29/2019 01:00PM ET,MIA,0
RB,Myles Gaskin (13428931),Myles Gaskin,13428931,RB/FLEX,3000,LAC@MIA 09/29/2019 01:00PM ET,MIA,0
RB,Chandler Cox (13428941),Chandler Cox,13428941,RB/FLEX,3000,LAC@MIA 09/29/2019 01:00PM ET,MIA,0
RB,Mark Walton (13428952),Mark Walton,13428952,RB/FLEX,3000,LAC@MIA 09/29/2019 01:00PM ET,MIA,1.9
WR,TJ Jones (13428489),TJ Jones,13428489,WR/FLEX,3000,WAS@NYG 09/29/2019 01:00PM ET,NYG,6.4
WR,Cody Core (13428683),Cody Core,13428683,WR/FLEX,3000,WAS@NYG 09/29/2019 01:00PM ET,NYG,1.93
WR,Robert Davis (13428748),Robert Davis,13428748,WR/FLEX,3000,WAS@NYG 09/29/2019 01:00PM ET,WAS,0
WR,Trey Quinn (13428819),Trey Quinn,13428819,WR/FLEX,3000,WAS@NYG 09/29/2019 01:00PM ET,WAS,9.63
WR,Steven Sims Jr. (13428956),Steven Sims Jr.,13428956,WR/FLEX,3000,WAS@NYG 09/29/2019 01:00PM ET,WAS,2.43
WR,Kelvin Harmon (13429025),Kelvin Harmon,13429025,WR/FLEX,3000,WAS@NYG 09/29/2019 01:00PM ET,WAS,1.7
RB,Nick Bellore (13428393),Nick Bellore,13428393,RB/FLEX,3000,SEA@ARI 09/29/2019 04:05PM ET,SEA,0
RB,D.J. Foster (13428635),D.J. Foster,13428635,RB/FLEX,3000,SEA@ARI 09/29/2019 04:05PM ET,ARI,0
WR,Trent Sherfield (13428885),Trent Sherfield,13428885,WR/FLEX,3000,SEA@ARI 09/29/2019 04:05PM ET,ARI,0
WR,Gary Jennings (13428958),Gary Jennings,13428958,WR/FLEX,3000,SEA@ARI 09/29/2019 04:05PM ET,SEA,0
WR,John Ursua (13429007),John Ursua,13429007,WR/FLEX,3000,SEA@ARI 09/29/2019 04:05PM ET,SEA,0
RB,Travis Homer (13429031),Travis Homer,13429031,RB/FLEX,3000,SEA@ARI 09/29/2019 04:05PM ET,SEA,0
WR,JoJo Natson (13428665),JoJo Natson,13428665,WR/FLEX,3000,TB@LAR 09/29/2019 04:05PM ET,LAR,0
RB,T.J. Logan (13428714),T.J. Logan,13428714,RB/FLEX,3000,TB@LAR 09/29/2019 04:05PM ET,TB,0
WR,Bobo Wilson (13428742),Bobo Wilson,13428742,WR/FLEX,3000,TB@LAR 09/29/2019 04:05PM ET,TB,0
WR,Nsimba Webster (13428843),Nsimba Webster,13428843,WR/FLEX,3000,TB@LAR 09/29/2019 04:05PM ET,LAR,0
WR,Justin Watson (13428859),Justin Watson,13428859,WR/FLEX,3000,TB@LAR 09/29/2019 04:05PM ET,TB,0
WR,Mike Thomas (13428873),Mike Thomas,13428873,WR/FLEX,3000,TB@LAR 09/29/2019 04:05PM ET,LAR,0
WR,Scotty Miller (13428939),Scotty Miller,13428939,WR/FLEX,3000,TB@LAR 09/29/2019 04:05PM ET,TB,0
RB,Ameer Abdullah (13428538),Ameer Abdullah,13428538,RB/FLEX,3000,MIN@CHI 09/29/2019 04:25PM ET,MIN,0.33
WR,Laquon Treadwell (13428767),Laquon Treadwell,13428767,WR/FLEX,3000,MIN@CHI 09/29/2019 04:25PM ET,MIN,0
RB,Mike Boone (13428920),Mike Boone,13428920,RB/FLEX,3000,MIN@CHI 09/29/2019 04:25PM ET,MIN,0.93
RB,Kerrith Whyte Jr. (13428937),Kerrith Whyte Jr.,13428937,RB/FLEX,3000,MIN@CHI 09/29/2019 04:25PM ET,CHI,0
WR,Olabisi Johnson (13428943),Olabisi Johnson,13428943,WR/FLEX,3000,MIN@CHI 09/29/2019 04:25PM ET,MIN,0
WR,Riley Ridley (13429015),Riley Ridley,13429015,WR/FLEX,3000,MIN@CHI 09/29/2019 04:25PM ET,CHI,0
RB,C.J. Ham (13429019),C.J. Ham,13429019,RB/FLEX,3000,MIN@CHI 09/29/2019 04:25PM ET,MIN,0.33
TE,James O'Shaughnessy (13428491),James O'Shaughnessy,13428491,TE/FLEX,3000,JAX@DEN 09/29/2019 04:25PM ET,JAX,7.93
WR,Diontae Spencer (13428527),Diontae Spencer,13428527,WR/FLEX,3000,JAX@DEN 09/29/2019 04:25PM ET,DEN,0
RB,Tyler Ervin (13428567),Tyler Ervin,13428567,RB/FLEX,3000,JAX@DEN 09/29/2019 04:25PM ET,JAX,0
RB,Andy Janovich (13428629),Andy Janovich,13428629,RB/FLEX,3000,JAX@DEN 09/29/2019 04:25PM ET,DEN,0
WR,C.J. Board (13428685),C.J. Board,13428685,WR/FLEX,3000,JAX@DEN 09/29/2019 04:25PM ET,JAX,0
WR,River Cracraft (13428777),River Cracraft,13428777,WR/FLEX,3000,JAX@DEN 09/29/2019 04:25PM ET,DEN,0
RB,Roc Thomas (13428877),Roc Thomas,13428877,RB/FLEX,3000,JAX@DEN 09/29/2019 04:25PM ET,JAX,0
WR,Juwann Winfree (13428887),Juwann Winfree,13428887,WR/FLEX,3000,JAX@DEN 09/29/2019 04:25PM ET,DEN,0
RB,Devine Ozigbo (13428935),Devine Ozigbo,13428935,RB/FLEX,3000,JAX@DEN 09/29/2019 04:25PM ET,JAX,0
RB,Jamize Olawale (13429126),Jamize Olawale,13429126,RB/FLEX,3000,DAL@NO 09/29/2019 08:20PM ET,DAL,0
RB,Dwayne Washington (13429132),Dwayne Washington,13429132,RB/FLEX,3000,DAL@NO 09/29/2019 08:20PM ET,NO,0
RB,Zach Line (13429134),Zach Line,13429134,RB/FLEX,3000,DAL@NO 09/29/2019 08:20PM ET,NO,0
WR,Cedrick Wilson (13429198),Cedrick Wilson,13429198,WR/FLEX,3000,DAL@NO 09/29/2019 08:20PM ET,DAL,0
WR,Tavon Austin (13429202),Tavon Austin,13429202,WR/FLEX,3000,DAL@NO 09/29/2019 08:20PM ET,DAL,1.8
WR,Austin Carr (13429204),Austin Carr,13429204,WR/FLEX,3000,DAL@NO 09/29/2019 08:20PM ET,NO,0
DST,Cowboys  (13429250),Cowboys ,13429250,DST,3000,DAL@NO 09/29/2019 08:20PM ET,DAL,6.33
RB,Roosevelt Nix (13429128),Roosevelt Nix,13429128,RB/FLEX,3000,CIN@PIT 09/30/2019 08:15PM ET,PIT,0
RB,Trayveon Williams (13429130),Trayveon Williams,13429130,RB/FLEX,3000,CIN@PIT 09/30/2019 08:15PM ET,CIN,0
WR,Damion Willis (13429200),Damion Willis,13429200,WR/FLEX,3000,CIN@PIT 09/30/2019 08:15PM ET,CIN,2.53
WR,Johnny Holton (13429206),Johnny Holton,13429206,WR/FLEX,3000,CIN@PIT 09/30/2019 08:15PM ET,PIT,0.3
DST,Eagles  (13429251),Eagles ,13429251,DST,2900,PHI@GB 09/26/2019 08:20PM ET,PHI,3.33
DST,Falcons  (13428312),Falcons ,13428312,DST,2900,TEN@ATL 09/29/2019 01:00PM ET,ATL,3.67
TE,Nick Boyle (13428612),Nick Boyle,13428612,TE/FLEX,2900,CLE@BAL 09/29/2019 01:00PM ET,BAL,5.93
TE,Dawson Knox (13429001),Dawson Knox,13429001,TE/FLEX,2900,NE@BUF 09/29/2019 01:00PM ET,BUF,6.83
TE,Ben Braunecker (13428646),Ben Braunecker,13428646,TE/FLEX,2900,MIN@CHI 09/29/2019 04:25PM ET,CHI,1.47
TE,Irv Smith Jr. (13429047),Irv Smith Jr.,13429047,TE/FLEX,2900,MIN@CHI 09/29/2019 04:25PM ET,MIN,3.3
DST,Broncos  (13428317),Broncos ,13428317,DST,2900,JAX@DEN 09/29/2019 04:25PM ET,DEN,0.33
TE,Geoff Swaim (13428710),Geoff Swaim,13428710,TE/FLEX,2900,JAX@DEN 09/29/2019 04:25PM ET,JAX,3.97
TE,Dallas Goedert (13429220),Dallas Goedert,13429220,TE/FLEX,2800,PHI@GB 09/26/2019 08:20PM ET,PHI,1.8
TE,Jonnu Smith (13428746),Jonnu Smith,13428746,TE/FLEX,2800,TEN@ATL 09/29/2019 01:00PM ET,TEN,2.23
TE,Ricky Seals-Jones (13428754),Ricky Seals-Jones,13428754,TE/FLEX,2800,CLE@BAL 09/29/2019 01:00PM ET,CLE,1.2
TE,Darren Fells (13428361),Darren Fells,13428361,TE/FLEX,2800,CAR@HOU 09/29/2019 01:00PM ET,HOU,5.93
DST,Redskins  (13428332),Redskins ,13428332,DST,2800,WAS@NYG 09/29/2019 01:00PM ET,WAS,2.33
TE,Cameron Brate (13428497),Cameron Brate,13428497,TE/FLEX,2800,TB@LAR 09/29/2019 04:05PM ET,TB,2.83
TE,Blake Jarwin (13429224),Blake Jarwin,13429224,TE/FLEX,2800,DAL@NO 09/29/2019 08:20PM ET,DAL,5.8
TE,Xavier Grimble (13429222),Xavier Grimble,13429222,TE/FLEX,2800,CIN@PIT 09/30/2019 08:15PM ET,PIT,0.43
TE,Matt LaCosse (13428588),Matt LaCosse,13428588,TE/FLEX,2700,NE@BUF 09/29/2019 01:00PM ET,NE,5.3
DST,Raiders  (13428322),Raiders ,13428322,DST,2700,OAK@IND 09/29/2019 01:00PM ET,OAK,2
TE,Nick Vannett (13428590),Nick Vannett,13428590,TE/FLEX,2700,SEA@ARI 09/29/2019 04:05PM ET,SEA,2.6
TE,Josh Oliver (13428983),Josh Oliver,13428983,TE/FLEX,2700,JAX@DEN 09/29/2019 04:25PM ET,JAX,0
DST,Titans  (13428319),Titans ,13428319,DST,2600,TEN@ATL 09/29/2019 01:00PM ET,TEN,10.67
DST,Bills  (13428313),Bills ,13428313,DST,2600,NE@BUF 09/29/2019 01:00PM ET,BUF,9
TE,Tyler Kroft (13428544),Tyler Kroft,13428544,TE/FLEX,2600,NE@BUF 09/29/2019 01:00PM ET,BUF,0
TE,Jesse James (13428633),Jesse James,13428633,TE/FLEX,2600,KC@DET 09/29/2019 01:00PM ET,DET,3.2
TE,Ian Thomas (13429041),Ian Thomas,13429041,TE/FLEX,2600,CAR@HOU 09/29/2019 01:00PM ET,CAR,0
TE,Virgil Green (13428370),Virgil Green,13428370,TE/FLEX,2600,LAC@MIA 09/29/2019 01:00PM ET,LAC,1.1
TE,Lance Kendricks (13428380),Lance Kendricks,13428380,TE/FLEX,2600,LAC@MIA 09/29/2019 01:00PM ET,LAC,2.3
TE,Durham Smythe (13428781),Durham Smythe,13428781,TE/FLEX,2600,LAC@MIA 09/29/2019 01:00PM ET,MIA,1.13
TE,Mike Gesicki (13428895),Mike Gesicki,13428895,TE/FLEX,2600,LAC@MIA 09/29/2019 01:00PM ET,MIA,3.7
TE,Rhett Ellison (13428401),Rhett Ellison,13428401,TE/FLEX,2600,WAS@NYG 09/29/2019 01:00PM ET,NYG,1.63
TE,Kaden Smith (13429039),Kaden Smith,13429039,TE/FLEX,2600,WAS@NYG 09/29/2019 01:00PM ET,NYG,0
TE,Charles Clay (13428408),Charles Clay,13428408,TE/FLEX,2600,SEA@ARI 09/29/2019 04:05PM ET,ARI,1.67
TE,Darrell Daniels (13428764),Darrell Daniels,13428764,TE/FLEX,2600,SEA@ARI 09/29/2019 04:05PM ET,ARI,0
TE,Jeff Heuerman (13428549),Jeff Heuerman,13428549,TE/FLEX,2600,JAX@DEN 09/29/2019 04:25PM ET,DEN,3.37
TE,Noah Fant (13429035),Noah Fant,13429035,TE/FLEX,2600,JAX@DEN 09/29/2019 04:25PM ET,DEN,5.8
TE,Josh Hill (13429226),Josh Hill,13429226,TE/FLEX,2600,DAL@NO 09/29/2019 08:20PM ET,NO,0.73
TE,C.J. Uzomah (13429228),C.J. Uzomah,13429228,TE/FLEX,2600,CIN@PIT 09/30/2019 08:15PM ET,CIN,3.53
DST,Bengals  (13429252),Bengals ,13429252,DST,2600,CIN@PIT 09/30/2019 08:15PM ET,CIN,3
TE,Marcedes Lewis (13429230),Marcedes Lewis,13429230,TE/FLEX,2500,PHI@GB 09/26/2019 08:20PM ET,GB,2.1
TE,Robert Tonyan (13429232),Robert Tonyan,13429232,TE/FLEX,2500,PHI@GB 09/26/2019 08:20PM ET,GB,1.73
TE,Evan Baylis (13429234),Evan Baylis,13429234,TE/FLEX,2500,PHI@GB 09/26/2019 08:20PM ET,GB,0
TE,Alex Ellis (13429236),Alex Ellis,13429236,TE/FLEX,2500,PHI@GB 09/26/2019 08:20PM ET,PHI,0
TE,Luke Stocker (13428384),Luke Stocker,13428384,TE/FLEX,2500,TEN@ATL 09/29/2019 01:00PM ET,ATL,1.87
TE,Beau Brinkley (13428432),Beau Brinkley,13428432,TE/FLEX,2500,TEN@ATL 09/29/2019 01:00PM ET,TEN,0
TE,MyCole Pruitt (13428495),MyCole Pruitt,13428495,TE/FLEX,2500,TEN@ATL 09/29/2019 01:00PM ET,TEN,0
TE,Anthony Firkser (13428795),Anthony Firkser,13428795,TE/FLEX,2500,TEN@ATL 09/29/2019 01:00PM ET,TEN,0
TE,Jaeden Graham (13428861),Jaeden Graham,13428861,TE/FLEX,2500,TEN@ATL 09/29/2019 01:00PM ET,ATL,0
DST,Browns  (13428316),Browns ,13428316,DST,2500,CLE@BAL 09/29/2019 01:00PM ET,CLE,7.33
TE,Demetrius Harris (13428565),Demetrius Harris,13428565,TE/FLEX,2500,CLE@BAL 09/29/2019 01:00PM ET,CLE,2.87
TE,Pharaoh Brown (13428648),Pharaoh Brown,13428648,TE/FLEX,2500,CLE@BAL 09/29/2019 01:00PM ET,CLE,0
TE,Rico Gathers (13428687),Rico Gathers,13428687,TE/FLEX,2500,CLE@BAL 09/29/2019 01:00PM ET,CLE,0
TE,Lee Smith (13428382),Lee Smith,13428382,TE/FLEX,2500,NE@BUF 09/29/2019 01:00PM ET,BUF,0.6
TE,Ryan Izzo (13428869),Ryan Izzo,13428869,TE/FLEX,2500,NE@BUF 09/29/2019 01:00PM ET,NE,2.13
TE,Tommy Sweeney (13428889),Tommy Sweeney,13428889,TE/FLEX,2500,NE@BUF 09/29/2019 01:00PM ET,BUF,2.27
TE,James Winchester (13428448),James Winchester,13428448,TE/FLEX,2500,KC@DET 09/29/2019 01:00PM ET,KC,0
TE,Logan Thomas (13428469),Logan Thomas,13428469,TE/FLEX,2500,KC@DET 09/29/2019 01:00PM ET,DET,1.4
TE,Blake Bell (13428483),Blake Bell,13428483,TE/FLEX,2500,KC@DET 09/29/2019 01:00PM ET,KC,0.93
TE,Deon Yelder (13428785),Deon Yelder,13428785,TE/FLEX,2500,KC@DET 09/29/2019 01:00PM ET,KC,0
TE,Logan Paulsen (13428366),Logan Paulsen,13428366,TE/FLEX,2500,CAR@HOU 09/29/2019 01:00PM ET,HOU,0
TE,Chris Manhertz (13428529),Chris Manhertz,13428529,TE/FLEX,2500,CAR@HOU 09/29/2019 01:00PM ET,CAR,0
TE,Jerell Adams (13428673),Jerell Adams,13428673,TE/FLEX,2500,CAR@HOU 09/29/2019 01:00PM ET,HOU,0
TE,Derek Carrier (13428640),Derek Carrier,13428640,TE/FLEX,2500,OAK@IND 09/29/2019 01:00PM ET,OAK,2.1
TE,Mo Alie-Cox (13428705),Mo Alie-Cox,13428705,TE/FLEX,2500,OAK@IND 09/29/2019 01:00PM ET,IND,1.93
TE,Foster Moreau (13428924),Foster Moreau,13428924,TE/FLEX,2500,OAK@IND 09/29/2019 01:00PM ET,OAK,1.7
TE,Hale Hentges (13428999),Hale Hentges,13428999,TE/FLEX,2500,OAK@IND 09/29/2019 01:00PM ET,IND,0
TE,Nick O'Leary (13428582),Nick O'Leary,13428582,TE/FLEX,2500,LAC@MIA 09/29/2019 01:00PM ET,MIA,1.5
TE,Sean Culkin (13428650),Sean Culkin,13428650,TE/FLEX,2500,LAC@MIA 09/29/2019 01:00PM ET,LAC,0
TE,Eric Tomlinson (13428501),Eric Tomlinson,13428501,TE/FLEX,2500,WAS@NYG 09/29/2019 01:00PM ET,NYG,0
TE,Jeremy Sprinkle (13428669),Jeremy Sprinkle,13428669,TE/FLEX,2500,WAS@NYG 09/29/2019 01:00PM ET,WAS,2.6
TE,Garrett Dickerson (13428852),Garrett Dickerson,13428852,TE/FLEX,2500,WAS@NYG 09/29/2019 01:00PM ET,NYG,0
TE,Tyler Ott (13428499),Tyler Ott,13428499,TE/FLEX,2500,SEA@ARI 09/29/2019 04:05PM ET,SEA,0
TE,Maxx Williams (13428631),Maxx Williams,13428631,TE/FLEX,2500,SEA@ARI 09/29/2019 04:05PM ET,ARI,1.87
TE,Johnny Mundt (13428737),Johnny Mundt,13428737,TE/FLEX,2500,TB@LAR 09/29/2019 04:05PM ET,LAR,0
TE,Antony Auclair (13429064),Antony Auclair,13429064,TE/FLEX,2500,TB@LAR 09/29/2019 04:05PM ET,TB,0
TE,Tanner Hudson (13429068),Tanner Hudson,13429068,TE/FLEX,2500,TB@LAR 09/29/2019 04:05PM ET,TB,0
TE,Bradley Sowell (13428397),Bradley Sowell,13428397,TE/FLEX,2500,MIN@CHI 09/29/2019 04:25PM ET,CHI,0
TE,Patrick Scales (13428413),Patrick Scales,13428413,TE/FLEX,2500,MIN@CHI 09/29/2019 04:25PM ET,CHI,0
TE,J.P. Holtz (13428663),J.P. Holtz,13428663,TE/FLEX,2500,MIN@CHI 09/29/2019 04:25PM ET,CHI,0
TE,Tyler Conklin (13428922),Tyler Conklin,13428922,TE/FLEX,2500,MIN@CHI 09/29/2019 04:25PM ET,MIN,0
TE,Seth DeValve (13428625),Seth DeValve,13428625,TE/FLEX,2500,JAX@DEN 09/29/2019 04:25PM ET,JAX,0
TE,Troy Fumagalli (13428744),Troy Fumagalli,13428744,TE/FLEX,2500,JAX@DEN 09/29/2019 04:25PM ET,DEN,0.57
TE,Andrew Beck (13428840),Andrew Beck,13428840,TE/FLEX,2500,JAX@DEN 09/29/2019 04:25PM ET,DEN,0
TE,Matt Orzech (13429070),Matt Orzech,13429070,TE/FLEX,2500,JAX@DEN 09/29/2019 04:25PM ET,JAX,0
TE,Dalton Schultz (13429238),Dalton Schultz,13429238,TE/FLEX,2500,DAL@NO 09/29/2019 08:20PM ET,DAL,0
DST,Saints  (13429253),Saints ,13429253,DST,2500,DAL@NO 09/29/2019 08:20PM ET,NO,8.67
TE,Clark Harris (13429240),Clark Harris,13429240,TE/FLEX,2500,CIN@PIT 09/30/2019 08:15PM ET,CIN,0
TE,Zach Gentry (13429242),Zach Gentry,13429242,TE/FLEX,2500,CIN@PIT 09/30/2019 08:15PM ET,PIT,0
TE,Drew Sample (13429244),Drew Sample,13429244,TE/FLEX,2500,CIN@PIT 09/30/2019 08:15PM ET,CIN,1.5
TE,Cethan Carter (13429246),Cethan Carter,13429246,TE/FLEX,2500,CIN@PIT 09/30/2019 08:15PM ET,CIN,0
DST,Cardinals  (13428328),Cardinals ,13428328,DST,2400,SEA@ARI 09/29/2019 04:05PM ET,ARI,3
DST,Panthers  (13428333),Panthers ,13428333,DST,2300,CAR@HOU 09/29/2019 01:00PM ET,CAR,7.67
DST,Lions  (13428318),Lions ,13428318,DST,2200,KC@DET 09/29/2019 01:00PM ET,DET,9.67
DST,Buccaneers  (13428331),Buccaneers ,13428331,DST,2100,TB@LAR 09/29/2019 04:05PM ET,TB,9.67
DST,Dolphins  (13428324),Dolphins ,13428324,DST,2000,LAC@MIA 09/29/2019 01:00PM ET,MIA,0.67
