Position,Name,ID,Name+ID,Team,Game,Avg FPPG,Salary
QB,Patrick Mahomes,1653264,Patrick Mahomes (1653264),Chiefs,IND @ KC,29.45,"$14,200.00 "
QB,Lamar Jackson,1653298,Lamar Jackson (1653298),Ravens,BAL @ PIT,29.55,"$13,600.00 "
QB,Jameis Winston,1653290,Jameis Winston (1653290),Buccaneers,TB @ NO,21.52,"$12,800.00 "
QB,Dak Prescott,1653254,Dak Prescott (1653254),Cowboys,GB @ DAL,24.3,"$12,200.00 "
QB,Deshaun Watson,1653299,Deshaun Watson (1653299),Texans,ATL @ HOU,21.75,"$12,200.00 "
QB,Kyler Murray,1653302,Kyler Murray (1653302),Cardinals,ARI @ CIN,20.53,"$11,900.00 "
QB,Tom Brady,1653271,Tom Brady (1653271),Patriots,NE @ WAS,20.28,"$11,900.00 "
QB,Carson Wentz,1653282,Carson Wentz (1653282),Eagles,NYJ @ PHI,22.23,"$11,400.00 "
QB,Jacoby Brissett,1653261,Jacoby Brissett (1653261),Colts,IND @ KC,20.53,"$11,300.00 "
QB,Aaron Rodgers,1653259,Aaron Rodgers (1653259),Packers,GB @ DAL,18.01,"$11,300.00 "
QB,Josh Allen,1653248,Josh Allen (1653248),Bills,BUF @ TEN,18.3,"$11,200.00 "
QB,Matt Ryan,1653246,Matt Ryan (1653246),Falcons,ATL @ HOU,23.7,"$11,000.00 "
QB,Drew Brees,1653273,Drew Brees (1653273),Saints,TB @ NO,12.66,"$11,000.00 "
QB,Philip Rivers,1653287,Philip Rivers (1653287),Chargers,DEN @ LAC,21.71,"$10,900.00 "
QB,Sam Darnold,1653278,Sam Darnold (1653278),Jets,NYJ @ PHI,13,"$10,600.00 "
QB,Andy Dalton,1653252,Andy Dalton (1653252),Bengals,ARI @ CIN,22.15,"$10,500.00 "
QB,Daniel Jones,1653301,Daniel Jones (1653301),Giants,MIN @ NYG,17.9,"$10,500.00 "
QB,Gardner Minshew II,1653308,Gardner Minshew II (1653308),Jaguars,JAX @ CAR,17.6,"$10,500.00 "
QB,Kyle Allen,1653292,Kyle Allen (1653292),Panthers,JAX @ CAR,15.81,"$10,500.00 "
QB,Kirk Cousins,1653270,Kirk Cousins (1653270),Vikings,MIN @ NYG,11.77,"$10,500.00 "
QB,Mason Rudolph,1653286,Mason Rudolph (1653286),Steelers,BAL @ PIT,13.82,"$10,300.00 "
QB,Teddy Bridgewater,1653274,Teddy Bridgewater (1653274),Saints,TB @ NO,10.3,"$10,200.00 "
QB,Mitchell Trubisky,1653251,Mitchell Trubisky (1653251),Bears,CHI @ OAK,8.9,"$10,200.00 "
QB,Matt Barkley,1653249,Matt Barkley (1653249),Bills,BUF @ TEN,4.08,"$10,200.00 "
QB,Marcus Mariota,1653260,Marcus Mariota (1653260),Titans,BUF @ TEN,19.88,"$10,000.00 "
QB,Case Keenum,1653256,Case Keenum (1653256),Redskins,NE @ WAS,16.75,"$10,000.00 "
QB,Joe Flacco,1653296,Joe Flacco (1653296),Broncos,DEN @ LAC,16.13,"$10,000.00 "
QB,Eli Manning,1653276,Eli Manning (1653276),Giants,MIN @ NYG,15.52,"$10,000.00 "
QB,Derek Carr,1653265,Derek Carr (1653265),Raiders,CHI @ OAK,14.35,"$10,000.00 "
QB,Chase Daniel,1653250,Chase Daniel (1653250),Bears,CHI @ OAK,12.2,"$10,000.00 "
QB,Cam Newton,1653293,Cam Newton (1653293),Panthers,JAX @ CAR,11.34,"$10,000.00 "
QB,Robert Griffin III,1653297,Robert Griffin III (1653297),Ravens,BAL @ PIT,7.1,"$10,000.00 "
QB,Nick Foles,1653280,Nick Foles (1653280),Jaguars,JAX @ CAR,7,"$10,000.00 "
QB,Ben Roethlisberger,1653285,Ben Roethlisberger (1653285),Steelers,BAL @ PIT,6.87,"$10,000.00 "
QB,Luke Falk,1653268,Luke Falk (1653268),Jets,NYJ @ PHI,5.42,"$10,000.00 "
QB,Taysom Hill,1653275,Taysom Hill (1653275),Saints,TB @ NO,3.97,"$10,000.00 "
QB,Dwayne Haskins Jr.,1653303,Dwayne Haskins Jr. (1653303),Redskins,NE @ WAS,3.58,"$10,000.00 "
QB,Josh McCown,1653279,Josh McCown (1653279),Eagles,NYJ @ PHI,0.96,"$10,000.00 "
QB,Tyrod Taylor,1653253,Tyrod Taylor (1653253),Chargers,DEN @ LAC,0.04,"$10,000.00 "
QB,AJ McCarron,1653266,AJ McCarron (1653266),Texans,ATL @ HOU,0,"$10,000.00 "
QB,Alex McGough,1653295,Alex McGough (1653295),Texans,ATL @ HOU,0,"$10,000.00 "
QB,Alex Tanney,1653277,Alex Tanney (1653277),Giants,MIN @ NYG,0,"$10,000.00 "
QB,Brandon Allen,1653300,Brandon Allen (1653300),Broncos,DEN @ LAC,0,"$10,000.00 "
QB,Brett Hundley,1653288,Brett Hundley (1653288),Cardinals,ARI @ CIN,0,"$10,000.00 "
QB,Brian Hoyer,1653272,Brian Hoyer (1653272),Colts,IND @ KC,0,"$10,000.00 "
QB,Chad Henne,1653263,Chad Henne (1653263),Chiefs,IND @ KC,0,"$10,000.00 "
QB,Chad Kelly,1653314,Chad Kelly (1653314),Colts,IND @ KC,0,"$10,000.00 "
QB,Cody Kessler,1653294,Cody Kessler (1653294),Patriots,NE @ WAS,0,"$10,000.00 "
QB,Colt McCoy,1653291,Colt McCoy (1653291),Redskins,NE @ WAS,0,"$10,000.00 "
QB,Cooper Rush,1653255,Cooper Rush (1653255),Cowboys,GB @ DAL,0,"$10,000.00 "
QB,DeShone Kizer,1653258,DeShone Kizer (1653258),Raiders,CHI @ OAK,0,"$10,000.00 "
QB,Devlin Hodges,1653313,Devlin Hodges (1653313),Steelers,BAL @ PIT,0,"$10,000.00 "
QB,Easton Stick,1653307,Easton Stick (1653307),Chargers,DEN @ LAC,0,"$10,000.00 "
QB,Jake Dolegala,1653312,Jake Dolegala (1653312),Bengals,ARI @ CIN,0,"$10,000.00 "
QB,Josh Dobbs,1653284,Josh Dobbs (1653284),Jaguars,JAX @ CAR,0,"$10,000.00 "
QB,Kyle Shurmur,1653311,Kyle Shurmur (1653311),Chiefs,IND @ KC,0,"$10,000.00 "
QB,Matt Schaub,1653247,Matt Schaub (1653247),Falcons,ATL @ HOU,0,"$10,000.00 "
QB,Mike Glennon,1653283,Mike Glennon (1653283),Raiders,CHI @ OAK,0,"$10,000.00 "
QB,Nate Sudfeld,1653281,Nate Sudfeld (1653281),Eagles,NYJ @ PHI,0,"$10,000.00 "
QB,Phillip Walker,1653262,Phillip Walker (1653262),Colts,IND @ KC,0,"$10,000.00 "
QB,Ryan Finley,1653305,Ryan Finley (1653305),Bengals,ARI @ CIN,0,"$10,000.00 "
QB,Ryan Griffin,1653289,Ryan Griffin (1653289),Buccaneers,TB @ NO,0,"$10,000.00 "
QB,T.J. Linta,1653310,T.J. Linta (1653310),Chiefs,IND @ KC,0,"$10,000.00 "
QB,Tim Boyle,1653257,Tim Boyle (1653257),Packers,GB @ DAL,0,"$10,000.00 "
QB,Trace McSorley,1653309,Trace McSorley (1653309),Ravens,BAL @ PIT,0,"$10,000.00 "
QB,Will Grier,1653304,Will Grier (1653304),Panthers,JAX @ CAR,0,"$10,000.00 "
QB,Matt Moore,1653315,Matt Moore (1653315),Chiefs,IND @ KC,-0.1,"$10,000.00 "
QB,Ryan Tannehill,1653269,Ryan Tannehill (1653269),Titans,BUF @ TEN,-0.2,"$10,000.00 "
QB,Sean Mannion,1653267,Sean Mannion (1653267),Vikings,MIN @ NYG,-0.2,"$10,000.00 "
QB,Jarrett Stidham,1653306,Jarrett Stidham (1653306),Patriots,NE @ WAS,-0.44,"$10,000.00 "
RB,Christian McCaffrey,1653403,Christian McCaffrey (1653403),Panthers,JAX @ CAR,29.47,"$17,000.00 "
RB,Dalvin Cook,1653359,Dalvin Cook (1653359),Vikings,MIN @ NYG,26.6,"$16,000.00 "
RB,Alvin Kamara,1653368,Alvin Kamara (1653368),Saints,TB @ NO,19.97,"$15,900.00 "
RB,Ezekiel Elliott,1653328,Ezekiel Elliott (1653328),Cowboys,GB @ DAL,18.17,"$15,600.00 "
RB,Saquon Barkley,1653371,Saquon Barkley (1653371),Giants,MIN @ NYG,18.03,"$15,000.00 "
RB,David Johnson,1653382,David Johnson (1653382),Cardinals,ARI @ CIN,18.62,"$14,100.00 "
RB,Le'Veon Bell,1653414,Le'Veon Bell (1653414),Jets,NYJ @ PHI,18.46,"$13,300.00 "
RB,Melvin Gordon III,1653388,Melvin Gordon III (1653388),Chargers,DEN @ LAC,0,"$13,000.00 "
RB,Austin Ekeler,1653387,Austin Ekeler (1653387),Chargers,DEN @ LAC,27,"$12,600.00 "
RB,Leonard Fournette,1653404,Leonard Fournette (1653404),Jaguars,JAX @ CAR,17.45,"$12,100.00 "
RB,Mark Ingram II,1653367,Mark Ingram II (1653367),Ravens,BAL @ PIT,20.75,"$11,900.00 "
RB,James Conner,1653384,James Conner (1653384),Steelers,BAL @ PIT,10.9,"$11,700.00 "
RB,Joe Mixon,1653326,Joe Mixon (1653326),Bengals,ARI @ CIN,8.93,"$11,400.00 "
RB,Wayne Gallman Jr.,1653372,Wayne Gallman Jr. (1653372),Giants,MIN @ NYG,10.8,"$11,100.00 "
RB,Aaron Jones,1653335,Aaron Jones (1653335),Packers,GB @ DAL,16.5,"$11,000.00 "
RB,Marlon Mack,1653342,Marlon Mack (1653342),Colts,IND @ KC,14.35,"$10,900.00 "
RB,Derrick Henry,1653339,Derrick Henry (1653339),Titans,BUF @ TEN,18.17,"$10,800.00 "
RB,Jordan Howard,1653323,Jordan Howard (1653323),Eagles,NYJ @ PHI,13.32,"$10,500.00 "
RB,Sony Michel,1653365,Sony Michel (1653365),Patriots,NE @ WAS,7.02,"$10,400.00 "
RB,LeSean McCoy,1653321,LeSean McCoy (1653321),Chiefs,IND @ KC,13.87,"$10,200.00 "
RB,David Montgomery,1653418,David Montgomery (1653418),Bears,CHI @ OAK,10.02,"$10,200.00 "
RB,Devonta Freeman,1653316,Devonta Freeman (1653316),Falcons,ATL @ HOU,11.25,"$10,000.00 "
RB,Damien Williams,1653350,Damien Williams (1653350),Chiefs,IND @ KC,13.55,"$9,800.00 "
RB,James White,1653366,James White (1653366),Patriots,NE @ WAS,12.96,"$9,800.00 "
RB,Josh Jacobs,1653416,Josh Jacobs (1653416),Raiders,CHI @ OAK,12.85,"$9,500.00 "
RB,Phillip Lindsay,1653334,Phillip Lindsay (1653334),Broncos,DEN @ LAC,14.3,"$9,100.00 "
RB,Chris Thompson,1653399,Chris Thompson (1653399),Redskins,NE @ WAS,12.42,"$9,100.00 "
RB,Royce Freeman,1653332,Royce Freeman (1653332),Broncos,DEN @ LAC,10.65,"$9,100.00 "
RB,Ronald Jones II,1653394,Ronald Jones II (1653394),Buccaneers,TB @ NO,9.87,"$9,100.00 "
RB,Tarik Cohen,1653322,Tarik Cohen (1653322),Bears,CHI @ OAK,7.9,"$9,000.00 "
RB,Nyheim Hines,1653341,Nyheim Hines (1653341),Colts,IND @ KC,6.12,"$9,000.00 "
RB,Frank Gore,1653356,Frank Gore (1653356),Bills,BUF @ TEN,12.27,"$8,800.00 "
RB,Miles Sanders,1653421,Miles Sanders (1653421),Eagles,NYJ @ PHI,7.8,"$8,800.00 "
RB,Tony Pollard,1653424,Tony Pollard (1653424),Cowboys,GB @ DAL,7.67,"$8,800.00 "
RB,Jamaal Williams,1653337,Jamaal Williams (1653337),Packers,GB @ DAL,7.05,"$8,800.00 "
RB,Jordan Wilkins,1653343,Jordan Wilkins (1653343),Colts,IND @ KC,3.3,"$8,800.00 "
RB,Ty Montgomery,1653410,Ty Montgomery (1653410),Jets,NYJ @ PHI,2.5,"$8,800.00 "
RB,Duke Johnson,1653327,Duke Johnson (1653327),Texans,ATL @ HOU,7.57,"$8,600.00 "
RB,Carlos Hyde,1653405,Carlos Hyde (1653405),Texans,ATL @ HOU,9.2,"$8,400.00 "
RB,Dexter Williams,1653429,Dexter Williams (1653429),Packers,GB @ DAL,0,"$8,400.00 "
RB,Devin Singletary,1653417,Devin Singletary (1653417),Bills,BUF @ TEN,13.25,"$8,200.00 "
RB,Rex Burkhead,1653363,Rex Burkhead (1653363),Patriots,NE @ WAS,10.72,"$8,000.00 "
RB,Peyton Barber,1653393,Peyton Barber (1653393),Buccaneers,TB @ NO,9.45,"$8,000.00 "
RB,Alexander Mattison,1653419,Alexander Mattison (1653419),Vikings,MIN @ NYG,5.37,"$7,800.00 "
RB,Giovani Bernard,1653324,Giovani Bernard (1653324),Bengals,ARI @ CIN,4.6,"$7,800.00 "
RB,Elijhaa Penny,1653373,Elijhaa Penny (1653373),Giants,MIN @ NYG,0.37,"$7,800.00 "
RB,Ito Smith,1653318,Ito Smith (1653318),Falcons,ATL @ HOU,5.65,"$7,700.00 "
RB,Jaylen Samuels,1653386,Jaylen Samuels (1653386),Steelers,BAL @ PIT,1.9,"$7,700.00 "
RB,Justin Jackson,1653389,Justin Jackson (1653389),Chargers,DEN @ LAC,7.16,"$7,400.00 "
RB,Jalen Richard,1653352,Jalen Richard (1653352),Raiders,CHI @ OAK,2.87,"$7,400.00 "
RB,Justice Hill,1653428,Justice Hill (1653428),Ravens,BAL @ PIT,2.22,"$7,400.00 "
RB,Adrian Peterson,1653398,Adrian Peterson (1653398),Redskins,NE @ WAS,6.13,"$7,300.00 "
RB,Latavius Murray,1653361,Latavius Murray (1653361),Saints,TB @ NO,4.8,"$7,300.00 "
RB,Chase Edmonds,1653380,Chase Edmonds (1653380),Cardinals,ARI @ CIN,2.85,"$7,300.00 "
RB,Gus Edwards,1653408,Gus Edwards (1653408),Ravens,BAL @ PIT,5.02,"$7,000.00 "
RB,Dion Lewis,1653340,Dion Lewis (1653340),Titans,BUF @ TEN,3.92,"$7,000.00 "
RB,Darrel Williams,1653351,Darrel Williams (1653351),Chiefs,IND @ KC,8.87,"$6,900.00 "
RB,T.J. Yeldon,1653407,T.J. Yeldon (1653407),Bills,BUF @ TEN,4.17,"$6,900.00 "
RB,Darren Sproles,1653379,Darren Sproles (1653379),Eagles,NYJ @ PHI,3.65,"$6,900.00 "
RB,Ryquell Armstead,1653427,Ryquell Armstead (1653427),Jaguars,JAX @ CAR,3.15,"$6,700.00 "
RB,Damien Harris,1653420,Damien Harris (1653420),Patriots,NE @ WAS,0,"$6,700.00 "
RB,Mike Davis,1653392,Mike Davis (1653392),Bears,CHI @ OAK,3.3,"$6,600.00 "
RB,Dare Ogunbowale,1653395,Dare Ogunbowale (1653395),Buccaneers,TB @ NO,4.77,"$6,400.00 "
RB,Troymaine Pope,1653390,Troymaine Pope (1653390),Chargers,DEN @ LAC,3.8,"$6,400.00 "
RB,Samaje Perine,1653397,Samaje Perine (1653397),Bengals,ARI @ CIN,0,"$6,400.00 "
RB,Devontae Booker,1653331,Devontae Booker (1653331),Broncos,DEN @ LAC,0,"$6,300.00 "
RB,Jakob Johnson,1653415,Jakob Johnson (1653415),Patriots,NE @ WAS,0,"$6,300.00 "
RB,Benny Snell Jr.,1653425,Benny Snell Jr. (1653425),Steelers,BAL @ PIT,0.96,"$6,200.00 "
RB,Qadree Ollison,1653422,Qadree Ollison (1653422),Falcons,ATL @ HOU,0,"$6,200.00 "
RB,Derrius Guice,1653396,Derrius Guice (1653396),Redskins,NE @ WAS,6.8,"$6,000.00 "
RB,Brandon Bolden,1653355,Brandon Bolden (1653355),Patriots,NE @ WAS,3.66,"$6,000.00 "
RB,DeAndre Washington,1653354,DeAndre Washington (1653354),Raiders,CHI @ OAK,3.27,"$6,000.00 "
RB,Jon Hilliman,1653432,Jon Hilliman (1653432),Giants,MIN @ NYG,2.3,"$6,000.00 "
RB,Patrick Ricard,1653411,Patrick Ricard (1653411),Ravens,BAL @ PIT,2.1,"$6,000.00 "
RB,Alex Armah,1653400,Alex Armah (1653400),Panthers,JAX @ CAR,1.92,"$6,000.00 "
RB,Danny Vitale,1653336,Danny Vitale (1653336),Packers,GB @ DAL,1.87,"$6,000.00 "
RB,Wendell Smallwood,1653378,Wendell Smallwood (1653378),Redskins,NE @ WAS,1.42,"$6,000.00 "
RB,C.J. Ham,1653360,C.J. Ham (1653360),Vikings,MIN @ NYG,1.25,"$6,000.00 "
RB,Derek Watt,1653391,Derek Watt (1653391),Chargers,DEN @ LAC,1.17,"$6,000.00 "
RB,Ameer Abdullah,1653357,Ameer Abdullah (1653357),Vikings,MIN @ NYG,1.1,"$6,000.00 "
RB,Patrick DiMarco,1653319,Patrick DiMarco (1653319),Bills,BUF @ TEN,1.07,"$6,000.00 "
RB,Mike Boone,1653358,Mike Boone (1653358),Vikings,MIN @ NYG,0.7,"$6,000.00 "
RB,Anthony Sherman,1653347,Anthony Sherman (1653347),Chiefs,IND @ KC,0.62,"$6,000.00 "
RB,Darwin Thompson,1653430,Darwin Thompson (1653430),Chiefs,IND @ KC,0.55,"$6,000.00 "
RB,Kenjon Barner,1653401,Kenjon Barner (1653401),Falcons,ATL @ HOU,0.46,"$6,000.00 "
RB,Zach Line,1653369,Zach Line (1653369),Saints,TB @ NO,0.32,"$6,000.00 "
RB,James Develin,1653364,James Develin (1653364),Patriots,NE @ WAS,0.15,"$6,000.00 "
RB,Reggie Bonnafon,1653402,Reggie Bonnafon (1653402),Panthers,JAX @ CAR,0.12,"$6,000.00 "
RB,Alec Ingold,1653433,Alec Ingold (1653433),Raiders,CHI @ OAK,0.02,"$6,000.00 "
RB,Aaron Ripkowski,1653346,Aaron Ripkowski (1653346),Chiefs,IND @ KC,0,"$6,000.00 "
RB,Aca'Cedric Ware,1653437,Aca'Cedric Ware (1653437),Colts,IND @ KC,0,"$6,000.00 "
RB,Andy Janovich,1653333,Andy Janovich (1653333),Broncos,DEN @ LAC,0,"$6,000.00 "
RB,Bilal Powell,1653376,Bilal Powell (1653376),Jets,NYJ @ PHI,0,"$6,000.00 "
RB,Brian Hill,1653317,Brian Hill (1653317),Falcons,ATL @ HOU,0,"$6,000.00 "
RB,Bruce Anderson III,1653436,Bruce Anderson III (1653436),Colts,IND @ KC,0,"$6,000.00 "
RB,Buddy Howell,1653413,Buddy Howell (1653413),Texans,ATL @ HOU,0,"$6,000.00 "
RB,Charcandrick West,1653349,Charcandrick West (1653349),Colts,IND @ KC,0,"$6,000.00 "
RB,Cullen Gillaspia,1653431,Cullen Gillaspia (1653431),Texans,ATL @ HOU,0,"$6,000.00 "
RB,D'Onta Foreman,1653412,D'Onta Foreman (1653412),Colts,IND @ KC,0,"$6,000.00 "
RB,D.J. Foster,1653381,D.J. Foster (1653381),Cardinals,ARI @ CIN,0,"$6,000.00 "
RB,Darius Jackson,1653329,Darius Jackson (1653329),Colts,IND @ KC,0,"$6,000.00 "
RB,David Fluellen,1653338,David Fluellen (1653338),Titans,BUF @ TEN,0,"$6,000.00 "
RB,David Williams,1653406,David Williams (1653406),Colts,IND @ KC,0,"$6,000.00 "
RB,Devine Ozigbo,1653434,Devine Ozigbo (1653434),Jaguars,JAX @ CAR,0,"$6,000.00 "
RB,Dwayne Washington,1653370,Dwayne Washington (1653370),Saints,TB @ NO,0,"$6,000.00 "
RB,Isaiah Crowell,1653375,Isaiah Crowell (1653375),Raiders,CHI @ OAK,0,"$6,000.00 "
RB,J.D. Moore,1653345,J.D. Moore (1653345),Chiefs,IND @ KC,0,"$6,000.00 "
RB,Jamize Olawale,1653330,Jamize Olawale (1653330),Cowboys,GB @ DAL,0,"$6,000.00 "
RB,Jonathan Williams,1653344,Jonathan Williams (1653344),Colts,IND @ KC,0,"$6,000.00 "
RB,Jordan Scarlett,1653426,Jordan Scarlett (1653426),Panthers,JAX @ CAR,0,"$6,000.00 "
RB,Keith Smith,1653353,Keith Smith (1653353),Falcons,ATL @ HOU,0,"$6,000.00 "
RB,Marcus Marshall,1653435,Marcus Marshall (1653435),Chiefs,IND @ KC,0,"$6,000.00 "
RB,Marquis Young,1653439,Marquis Young (1653439),Colts,IND @ KC,0,"$6,000.00 "
RB,Quinton Flowers,1653325,Quinton Flowers (1653325),Colts,IND @ KC,0,"$6,000.00 "
RB,Roc Thomas,1653362,Roc Thomas (1653362),Jaguars,JAX @ CAR,0,"$6,000.00 "
RB,Roosevelt Nix,1653385,Roosevelt Nix (1653385),Steelers,BAL @ PIT,0,"$6,000.00 "
RB,Spencer Ware,1653348,Spencer Ware (1653348),Colts,IND @ KC,0,"$6,000.00 "
RB,T.J. Logan,1653383,T.J. Logan (1653383),Buccaneers,TB @ NO,0,"$6,000.00 "
RB,Taiwan Jones,1653320,Taiwan Jones (1653320),Texans,ATL @ HOU,0,"$6,000.00 "
RB,Trayveon Williams,1653423,Trayveon Williams (1653423),Bengals,ARI @ CIN,0,"$6,000.00 "
RB,Tremon Smith,1653438,Tremon Smith (1653438),Chiefs,IND @ KC,0,"$6,000.00 "
RB,Trenton Cannon,1653374,Trenton Cannon (1653374),Jets,NYJ @ PHI,0,"$6,000.00 "
RB,Tyler Ervin,1653409,Tyler Ervin (1653409),Jaguars,JAX @ CAR,0,"$6,000.00 "
RB,Corey Clement,1653377,Corey Clement (1653377),Eagles,NYJ @ PHI,-0.33,"$6,000.00 "
WR,DeAndre Hopkins,1653574,DeAndre Hopkins (1653574),Texans,ATL @ HOU,15.97,"$14,700.00 "
WR,Julio Jones,1653442,Julio Jones (1653442),Falcons,ATL @ HOU,21.2,"$14,600.00 "
WR,Davante Adams,1653472,Davante Adams (1653472),Packers,GB @ DAL,17.2,"$14,300.00 "
WR,Keenan Allen,1653540,Keenan Allen (1653540),Chargers,DEN @ LAC,25.87,"$13,700.00 "
WR,Tyreek Hill,1653496,Tyreek Hill (1653496),Chiefs,IND @ KC,4.1,"$13,100.00 "
WR,Chris Godwin,1653547,Chris Godwin (1653547),Buccaneers,TB @ NO,23.65,"$13,000.00 "
WR,T.Y. Hilton,1653485,T.Y. Hilton (1653485),Colts,IND @ KC,21.16,"$12,900.00 "
WR,Mike Evans,1653546,Mike Evans (1653546),Buccaneers,TB @ NO,20.45,"$12,800.00 "
WR,Amari Cooper,1653463,Amari Cooper (1653463),Cowboys,GB @ DAL,19.15,"$12,700.00 "
WR,A.J. Green,1653457,A.J. Green (1653457),Bengals,ARI @ CIN,0,"$12,600.00 "
WR,Michael Thomas,1653519,Michael Thomas (1653519),Saints,TB @ NO,19.77,"$12,100.00 "
WR,Adam Thielen,1653507,Adam Thielen (1653507),Vikings,MIN @ NYG,12.25,"$12,100.00 "
WR,JuJu Smith-Schuster,1653536,JuJu Smith-Schuster (1653536),Steelers,BAL @ PIT,14.76,"$12,000.00 "
WR,Julian Edelman,1653512,Julian Edelman (1653512),Patriots,NE @ WAS,12.94,"$12,000.00 "
WR,Stefon Diggs,1653506,Stefon Diggs (1653506),Vikings,MIN @ NYG,10.22,"$12,000.00 "
WR,Sammy Watkins,1653501,Sammy Watkins (1653501),Chiefs,IND @ KC,19.87,"$11,900.00 "
WR,Tyler Boyd,1653454,Tyler Boyd (1653454),Bengals,ARI @ CIN,17.43,"$11,700.00 "
WR,Larry Fitzgerald,1653530,Larry Fitzgerald (1653530),Cardinals,ARI @ CIN,17.75,"$11,300.00 "
WR,Alshon Jeffery,1653528,Alshon Jeffery (1653528),Eagles,NYJ @ PHI,11.63,"$11,000.00 "
WR,Josh Gordon,1653579,Josh Gordon (1653579),Patriots,NE @ WAS,10.55,"$11,000.00 "
WR,Sterling Shepard,1653522,Sterling Shepard (1653522),Giants,MIN @ NYG,19.06,"$10,900.00 "
WR,Marquise Brown,1653580,Marquise Brown (1653580),Ravens,BAL @ PIT,15.85,"$10,600.00 "
WR,Terry McLaurin,1653588,Terry McLaurin (1653588),Redskins,NE @ WAS,20.9,"$10,500.00 "
WR,Allen Robinson II,1653452,Allen Robinson II (1653452),Bears,CHI @ OAK,13.75,"$10,500.00 "
WR,Dede Westbrook,1653566,Dede Westbrook (1653566),Jaguars,JAX @ CAR,9.27,"$10,500.00 "
WR,DeSean Jackson,1653549,DeSean Jackson (1653549),Eagles,NYJ @ PHI,19.2,"$10,400.00 "
WR,John Ross III,1653458,John Ross III (1653458),Bengals,ARI @ CIN,21.73,"$10,200.00 "
WR,Tyrell Williams,1653545,Tyrell Williams (1653545),Raiders,CHI @ OAK,16.4,"$10,200.00 "
WR,DJ Moore,1653558,DJ Moore (1653558),Panthers,JAX @ CAR,13.07,"$10,200.00 "
WR,John Brown,1653567,John Brown (1653567),Bills,BUF @ TEN,15.97,"$10,100.00 "
WR,Marquez Valdes-Scantling,1653478,Marquez Valdes-Scantling (1653478),Packers,GB @ DAL,10.92,"$9,900.00 "
WR,Geronimo Allison,1653473,Geronimo Allison (1653473),Packers,GB @ DAL,6.82,"$9,900.00 "
WR,DJ Chark Jr.,1653562,DJ Chark Jr. (1653562),Jaguars,JAX @ CAR,18.02,"$9,800.00 "
WR,Courtland Sutton,1653470,Courtland Sutton (1653470),Broncos,DEN @ LAC,16.97,"$9,800.00 "
WR,Christian Kirk,1653531,Christian Kirk (1653531),Cardinals,ARI @ CIN,13.75,"$9,800.00 "
WR,Mecole Hardman,1653584,Mecole Hardman (1653584),Chiefs,IND @ KC,9.1,"$9,800.00 "
WR,Emmanuel Sanders,1653469,Emmanuel Sanders (1653469),Broncos,DEN @ LAC,17.45,"$9,700.00 "
WR,Phillip Dorsett II,1653511,Phillip Dorsett II (1653511),Patriots,NE @ WAS,13.7,"$9,700.00 "
WR,Mike Williams,1653544,Mike Williams (1653544),Chargers,DEN @ LAC,7.9,"$9,500.00 "
WR,Parris Campbell,1653583,Parris Campbell (1653583),Colts,IND @ KC,5.47,"$9,500.00 "
WR,Michael Gallup,1653464,Michael Gallup (1653464),Cowboys,GB @ DAL,19.3,"$9,300.00 "
WR,Will Fuller V,1653573,Will Fuller V (1653573),Texans,ATL @ HOU,8.07,"$9,300.00 "
WR,Nelson Agholor,1653525,Nelson Agholor (1653525),Eagles,NYJ @ PHI,13.7,"$9,200.00 "
WR,Calvin Ridley,1653443,Calvin Ridley (1653443),Falcons,ATL @ HOU,12.92,"$9,200.00 "
WR,Golden Tate,1653529,Golden Tate (1653529),Giants,MIN @ NYG,0,"$9,100.00 "
WR,Demarcus Robinson,1653499,Demarcus Robinson (1653499),Chiefs,IND @ KC,15,"$8,900.00 "
WR,Chris Conley,1653493,Chris Conley (1653493),Jaguars,JAX @ CAR,10.17,"$8,900.00 "
WR,Cole Beasley,1653462,Cole Beasley (1653462),Bills,BUF @ TEN,12.65,"$8,800.00 "
WR,Curtis Samuel,1653559,Curtis Samuel (1653559),Panthers,JAX @ CAR,10.77,"$8,800.00 "
WR,Willie Snead IV,1653570,Willie Snead IV (1653570),Ravens,BAL @ PIT,8.85,"$8,800.00 "
WR,Robby Anderson,1653523,Robby Anderson (1653523),Jets,NYJ @ PHI,7.16,"$8,800.00 "
WR,Zach Pascal,1653489,Zach Pascal (1653489),Colts,IND @ KC,6.12,"$8,800.00 "
WR,Jamison Crowder,1653552,Jamison Crowder (1653552),Jets,NYJ @ PHI,12.26,"$8,500.00 "
WR,Kenny Stills,1653505,Kenny Stills (1653505),Texans,ATL @ HOU,8.95,"$8,400.00 "
WR,Marqise Lee,1653564,Marqise Lee (1653564),Jaguars,JAX @ CAR,0.5,"$8,400.00 "
WR,Mohamed Sanu,1653444,Mohamed Sanu (1653444),Falcons,ATL @ HOU,12.02,"$8,300.00 "
WR,A.J. Brown,1653582,A.J. Brown (1653582),Titans,BUF @ TEN,11.82,"$8,300.00 "
WR,Randall Cobb,1653474,Randall Cobb (1653474),Cowboys,GB @ DAL,9.2,"$8,300.00 "
WR,Paul Richardson Jr.,1653555,Paul Richardson Jr. (1653555),Redskins,NE @ WAS,11.22,"$8,200.00 "
WR,Corey Davis,1653479,Corey Davis (1653479),Titans,BUF @ TEN,8.57,"$8,200.00 "
WR,Diontae Johnson,1653587,Diontae Johnson (1653587),Steelers,BAL @ PIT,7.66,"$8,000.00 "
WR,James Washington,1653539,James Washington (1653539),Steelers,BAL @ PIT,4.93,"$7,900.00 "
WR,Hunter Renfrow,1653591,Hunter Renfrow (1653591),Raiders,CHI @ OAK,4.97,"$7,800.00 "
WR,Taylor Gabriel,1653450,Taylor Gabriel (1653450),Bears,CHI @ OAK,13.36,"$7,700.00 "
WR,Tre'Quan Smith,1653518,Tre'Quan Smith (1653518),Saints,TB @ NO,9.25,"$7,700.00 "
WR,JJ Arcega-Whiteside,1653585,JJ Arcega-Whiteside (1653585),Eagles,NYJ @ PHI,0.85,"$7,700.00 "
WR,Donte Moncrief,1653565,Donte Moncrief (1653565),Steelers,BAL @ PIT,1.85,"$7,400.00 "
WR,Jake Kumerow,1653476,Jake Kumerow (1653476),Packers,GB @ DAL,1.1,"$7,400.00 "
WR,Ted Ginn Jr.,1653517,Ted Ginn Jr. (1653517),Saints,TB @ NO,7.12,"$7,300.00 "
WR,Mack Hollins,1653526,Mack Hollins (1653526),Eagles,NYJ @ PHI,5.62,"$7,300.00 "
WR,DaeSean Hamilton,1653468,DaeSean Hamilton (1653468),Broncos,DEN @ LAC,3.67,"$7,300.00 "
WR,Cordarrelle Patterson,1653514,Cordarrelle Patterson (1653514),Bears,CHI @ OAK,2.7,"$7,300.00 "
WR,Anthony Miller,1653451,Anthony Miller (1653451),Bears,CHI @ OAK,1.7,"$7,200.00 "
WR,Damiere Byrd,1653556,Damiere Byrd (1653556),Cardinals,ARI @ CIN,7.2,"$7,100.00 "
WR,Trey Quinn,1653554,Trey Quinn (1653554),Redskins,NE @ WAS,7.97,"$7,000.00 "
WR,Auden Tate,1653459,Auden Tate (1653459),Bengals,ARI @ CIN,7.7,"$7,000.00 "
WR,Adam Humphries,1653548,Adam Humphries (1653548),Titans,BUF @ TEN,5.57,"$7,000.00 "
WR,Javon Wims,1653453,Javon Wims (1653453),Bears,CHI @ OAK,2.85,"$7,000.00 "
WR,Breshad Perriman,1653460,Breshad Perriman (1653460),Buccaneers,TB @ NO,1.47,"$7,000.00 "
WR,Demaryius Thomas,1653576,Demaryius Thomas (1653576),Jets,NYJ @ PHI,0.9,"$7,000.00 "
WR,Keelan Cole,1653563,Keelan Cole (1653563),Jaguars,JAX @ CAR,0.72,"$7,000.00 "
WR,Chris Moore,1653568,Chris Moore (1653568),Ravens,BAL @ PIT,0,"$7,000.00 "
WR,KeeSean Johnson,1653593,KeeSean Johnson (1653593),Cardinals,ARI @ CIN,5.97,"$6,900.00 "
WR,J.J. Nelson,1653532,J.J. Nelson (1653532),Raiders,CHI @ OAK,6.8,"$6,700.00 "
WR,Devin Smith,1653465,Devin Smith (1653465),Cowboys,GB @ DAL,5.57,"$6,700.00 "
WR,Keke Coutee,1653572,Keke Coutee (1653572),Texans,ATL @ HOU,1.93,"$6,700.00 "
WR,Devin Funchess,1653557,Devin Funchess (1653557),Colts,IND @ KC,6.2,"$6,600.00 "
WR,Cody Latimer,1653521,Cody Latimer (1653521),Giants,MIN @ NYG,5.46,"$6,600.00 "
WR,Dontrelle Inman,1653486,Dontrelle Inman (1653486),Chargers,DEN @ LAC,5.3,"$6,600.00 "
WR,Chester Rogers,1653490,Chester Rogers (1653490),Colts,IND @ KC,4.8,"$6,500.00 "
WR,Deon Cain,1653483,Deon Cain (1653483),Colts,IND @ KC,1.87,"$6,500.00 "
WR,De'Anthony Thomas,1653500,De'Anthony Thomas (1653500),Chiefs,IND @ KC,0.53,"$6,500.00 "
WR,Bennie Fowler III,1653520,Bennie Fowler III (1653520),Giants,MIN @ NYG,5.97,"$6,400.00 "
WR,Trevor Davis,1653475,Trevor Davis (1653475),Raiders,CHI @ OAK,5.73,"$6,400.00 "
WR,Josh Bellamy,1653449,Josh Bellamy (1653449),Jets,NYJ @ PHI,1.33,"$6,400.00 "
WR,Jarius Wright,1653560,Jarius Wright (1653560),Panthers,JAX @ CAR,5.65,"$6,300.00 "
WR,Isaiah McKenzie,1653448,Isaiah McKenzie (1653448),Bills,BUF @ TEN,3.82,"$6,300.00 "
WR,Zay Jones,1653446,Zay Jones (1653446),Bills,BUF @ TEN,3.47,"$6,300.00 "
WR,Ryan Switzer,1653538,Ryan Switzer (1653538),Steelers,BAL @ PIT,3.3,"$6,300.00 "
WR,Geremy Davis,1653542,Geremy Davis (1653542),Chargers,DEN @ LAC,1.5,"$6,300.00 "
WR,DeAndre Carter,1653571,DeAndre Carter (1653571),Texans,ATL @ HOU,0.22,"$6,300.00 "
WR,Andy Isabella,1653586,Andy Isabella (1653586),Cardinals,ARI @ CIN,0.16,"$6,300.00 "
WR,Darrius Shepherd,1653610,Darrius Shepherd (1653610),Packers,GB @ DAL,0,"$6,300.00 "
WR,Robert Foster,1653445,Robert Foster (1653445),Bills,BUF @ TEN,0,"$6,300.00 "
WR,Jakobi Meyers,1653601,Jakobi Meyers (1653601),Patriots,NE @ WAS,3,"$6,200.00 "
WR,Darius Slayton,1653592,Darius Slayton (1653592),Giants,MIN @ NYG,7.25,"$6,000.00 "
WR,Miles Boykin,1653589,Miles Boykin (1653589),Ravens,BAL @ PIT,5.45,"$6,000.00 "
WR,TJ Jones,1653471,TJ Jones (1653471),Giants,MIN @ NYG,4.26,"$6,000.00 "
WR,Seth Roberts,1653504,Seth Roberts (1653504),Ravens,BAL @ PIT,3.82,"$6,000.00 "
WR,Alex Erickson,1653456,Alex Erickson (1653456),Bengals,ARI @ CIN,3.5,"$6,000.00 "
WR,Tajae Sharpe,1653482,Tajae Sharpe (1653482),Titans,BUF @ TEN,3.35,"$6,000.00 "
WR,Damion Willis,1653613,Damion Willis (1653613),Bengals,ARI @ CIN,2.53,"$6,000.00 "
WR,Justin Hardy,1653441,Justin Hardy (1653441),Falcons,ATL @ HOU,2.42,"$6,000.00 "
WR,Kelvin Harmon,1653597,Kelvin Harmon (1653597),Redskins,NE @ WAS,2.12,"$6,000.00 "
WR,Andre Patton,1653543,Andre Patton (1653543),Chargers,DEN @ LAC,2.1,"$6,000.00 "
WR,Travis Benjamin,1653541,Travis Benjamin (1653541),Chargers,DEN @ LAC,1.9,"$6,000.00 "
WR,Olabisi Johnson,1653595,Olabisi Johnson (1653595),Vikings,MIN @ NYG,1.87,"$6,000.00 "
WR,Steven Sims Jr.,1653600,Steven Sims Jr. (1653600),Redskins,NE @ WAS,1.82,"$6,000.00 "
WR,Tavon Austin,1653461,Tavon Austin (1653461),Cowboys,GB @ DAL,1.8,"$6,000.00 "
WR,Braxton Berrios,1653510,Braxton Berrios (1653510),Jets,NYJ @ PHI,1.63,"$6,000.00 "
WR,Deonte Harris,1653612,Deonte Harris (1653612),Saints,TB @ NO,1.57,"$6,000.00 "
WR,Cody Core,1653455,Cody Core (1653455),Giants,MIN @ NYG,1.45,"$6,000.00 "
WR,Chris Hogan,1653513,Chris Hogan (1653513),Panthers,JAX @ CAR,1.35,"$6,000.00 "
WR,Byron Pringle,1653498,Byron Pringle (1653498),Chiefs,IND @ KC,1,"$6,000.00 "
WR,Darius Jennings,1653480,Darius Jennings (1653480),Titans,BUF @ TEN,0.92,"$6,000.00 "
WR,Dwayne Harris,1653503,Dwayne Harris (1653503),Raiders,CHI @ OAK,0.85,"$6,000.00 "
WR,Andre Roberts,1653524,Andre Roberts (1653524),Bills,BUF @ TEN,0.8,"$6,000.00 "
WR,Keelan Doss,1653604,Keelan Doss (1653604),Raiders,CHI @ OAK,0.8,"$6,000.00 "
WR,Robert Davis,1653553,Robert Davis (1653553),Redskins,NE @ WAS,0.7,"$6,000.00 "
WR,Trent Sherfield,1653533,Trent Sherfield (1653533),Cardinals,ARI @ CIN,0.62,"$6,000.00 "
WR,Bobo Wilson,1653551,Bobo Wilson (1653551),Buccaneers,TB @ NO,0.6,"$6,000.00 "
WR,Justin Watson,1653550,Justin Watson (1653550),Buccaneers,TB @ NO,0.57,"$6,000.00 "
WR,Russell Gage,1653440,Russell Gage (1653440),Falcons,ATL @ HOU,0.55,"$6,000.00 "
WR,Diontae Spencer,1653537,Diontae Spencer (1653537),Broncos,DEN @ LAC,0.45,"$6,000.00 "
WR,Johnny Holton,1653527,Johnny Holton (1653527),Steelers,BAL @ PIT,0.3,"$6,000.00 "
WR,Allen Lazard,1653477,Allen Lazard (1653477),Packers,GB @ DAL,0,"$6,000.00 "
WR,Andre Lindsey,1653608,Andre Lindsey (1653608),Chiefs,IND @ KC,0,"$6,000.00 "
WR,Ashton Dulin,1653602,Ashton Dulin (1653602),Colts,IND @ KC,0,"$6,000.00 "
WR,Austin Carr,1653516,Austin Carr (1653516),Saints,TB @ NO,0,"$6,000.00 "
WR,Brandon Zylstra,1653509,Brandon Zylstra (1653509),Panthers,JAX @ CAR,0,"$6,000.00 "
WR,C.J. Board,1653561,C.J. Board (1653561),Jaguars,JAX @ CAR,0,"$6,000.00 "
WR,Cedrick Wilson,1653466,Cedrick Wilson (1653466),Cowboys,GB @ DAL,0,"$6,000.00 "
WR,Chad Williams,1653535,Chad Williams (1653535),Colts,IND @ KC,0,"$6,000.00 "
WR,Cody Thompson,1653609,Cody Thompson (1653609),Chiefs,IND @ KC,0,"$6,000.00 "
WR,Davion Davis,1653599,Davion Davis (1653599),Vikings,MIN @ NYG,0,"$6,000.00 "
WR,Davon Grayson,1653578,Davon Grayson (1653578),Chiefs,IND @ KC,0,"$6,000.00 "
WR,Felton Davis,1653606,Felton Davis (1653606),Chiefs,IND @ KC,0,"$6,000.00 "
WR,Fred Brown,1653467,Fred Brown (1653467),Broncos,DEN @ LAC,0,"$6,000.00 "
WR,Gehrig Dieter,1653495,Gehrig Dieter (1653495),Chiefs,IND @ KC,0,"$6,000.00 "
WR,Jaleel Scott,1653569,Jaleel Scott (1653569),Ravens,BAL @ PIT,0,"$6,000.00 "
WR,Jalen Tolliver,1653534,Jalen Tolliver (1653534),Chiefs,IND @ KC,0,"$6,000.00 "
WR,Jalin Marshall,1653611,Jalin Marshall (1653611),Raiders,CHI @ OAK,0,"$6,000.00 "
WR,Jamal Custis,1653605,Jamal Custis (1653605),Chiefs,IND @ KC,0,"$6,000.00 "
WR,James Wright,1653491,James Wright (1653491),Colts,IND @ KC,0,"$6,000.00 "
WR,Jamire Jordan,1653607,Jamire Jordan (1653607),Chiefs,IND @ KC,0,"$6,000.00 "
WR,Josh Crockett,1653494,Josh Crockett (1653494),Chiefs,IND @ KC,0,"$6,000.00 "
WR,Juwann Winfree,1653594,Juwann Winfree (1653594),Broncos,DEN @ LAC,0,"$6,000.00 "
WR,Kelvin Benjamin,1653492,Kelvin Benjamin (1653492),Chiefs,IND @ KC,0,"$6,000.00 "
WR,Laquon Treadwell,1653508,Laquon Treadwell (1653508),Vikings,MIN @ NYG,0,"$6,000.00 "
WR,Lil'Jordan Humphrey,1653614,Lil'Jordan Humphrey (1653614),Saints,TB @ NO,0,"$6,000.00 "
WR,Marcus Johnson,1653488,Marcus Johnson (1653488),Colts,IND @ KC,0,"$6,000.00 "
WR,Marcus Kemp,1653497,Marcus Kemp (1653497),Chiefs,IND @ KC,0,"$6,000.00 "
WR,Matthew Slater,1653515,Matthew Slater (1653515),Patriots,NE @ WAS,0,"$6,000.00 "
WR,N'Keal Harry,1653581,N'Keal Harry (1653581),Patriots,NE @ WAS,0,"$6,000.00 "
WR,Olamide Zaccheaus,1653598,Olamide Zaccheaus (1653598),Falcons,ATL @ HOU,0,"$6,000.00 "
WR,Penny Hart,1653603,Penny Hart (1653603),Colts,IND @ KC,0,"$6,000.00 "
WR,Rashard Davis,1653502,Rashard Davis (1653502),Chiefs,IND @ KC,0,"$6,000.00 "
WR,Ray-Ray McCloud,1653447,Ray-Ray McCloud (1653447),Panthers,JAX @ CAR,0,"$6,000.00 "
WR,Reece Fountain,1653484,Reece Fountain (1653484),Colts,IND @ KC,0,"$6,000.00 "
WR,Riley Ridley,1653590,Riley Ridley (1653590),Bears,CHI @ OAK,0,"$6,000.00 "
WR,Roger Lewis,1653481,Roger Lewis (1653481),Colts,IND @ KC,0,"$6,000.00 "
WR,Sammie Coates Jr.,1653577,Sammie Coates Jr. (1653577),Chiefs,IND @ KC,0,"$6,000.00 "
WR,Scotty Miller,1653596,Scotty Miller (1653596),Buccaneers,TB @ NO,0,"$6,000.00 "
WR,Steve Ishmael,1653487,Steve Ishmael (1653487),Colts,IND @ KC,0,"$6,000.00 "
WR,Vyncint Smith,1653575,Vyncint Smith (1653575),Jets,NYJ @ PHI,0,"$6,000.00 "
WR,Gunner Olszewski,1653615,Gunner Olszewski (1653615),Patriots,NE @ WAS,-0.25,"$6,000.00 "
TE,Travis Kelce,1653657,Travis Kelce (1653657),Chiefs,IND @ KC,17.47,"$12,100.00 "
TE,Evan Engram,1653672,Evan Engram (1653672),Giants,MIN @ NYG,19.52,"$10,900.00 "
TE,Zach Ertz,1653674,Zach Ertz (1653674),Eagles,NYJ @ PHI,12.87,"$10,900.00 "
TE,Darren Waller,1653664,Darren Waller (1653664),Raiders,CHI @ OAK,17.17,"$9,300.00 "
TE,Mark Andrews,1653696,Mark Andrews (1653696),Ravens,BAL @ PIT,18.4,"$8,900.00 "
TE,Austin Hooper,1653617,Austin Hooper (1653617),Falcons,ATL @ HOU,18.42,"$8,400.00 "
TE,Eric Ebron,1653653,Eric Ebron (1653653),Colts,IND @ KC,8.2,"$8,000.00 "
TE,Jimmy Graham,1653640,Jimmy Graham (1653640),Packers,GB @ DAL,7.52,"$8,000.00 "
TE,Jason Witten,1653704,Jason Witten (1653704),Cowboys,GB @ DAL,9.85,"$7,400.00 "
TE,Greg Olsen,1653692,Greg Olsen (1653692),Panthers,JAX @ CAR,13.9,"$7,300.00 "
TE,Jack Doyle,1653652,Jack Doyle (1653652),Colts,IND @ KC,6.97,"$7,300.00 "
TE,Delanie Walker,1653649,Delanie Walker (1653649),Titans,BUF @ TEN,11.3,"$7,000.00 "
TE,Vance McDonald,1653677,Vance McDonald (1653677),Steelers,BAL @ PIT,10.26,"$7,000.00 "
TE,Hunter Henry,1653680,Hunter Henry (1653680),Chargers,DEN @ LAC,10,"$7,000.00 "
TE,O.J. Howard,1653684,O.J. Howard (1653684),Buccaneers,TB @ NO,5.52,"$7,000.00 "
TE,Vernon Davis,1653686,Vernon Davis (1653686),Redskins,NE @ WAS,7.07,"$6,900.00 "
TE,Ben Watson,1653669,Ben Watson (1653669),Patriots,NE @ WAS,0,"$6,500.00 "
TE,James O'Shaughnessy,1653695,James O'Shaughnessy (1653695),Jaguars,JAX @ CAR,8.15,"$6,400.00 "
TE,Tyler Eifert,1653626,Tyler Eifert (1653626),Bengals,ARI @ CIN,6.8,"$6,400.00 "
TE,Trey Burton,1653622,Trey Burton (1653622),Bears,CHI @ OAK,4.03,"$6,400.00 "
TE,Jordan Akins,1653702,Jordan Akins (1653702),Texans,ATL @ HOU,8.65,"$6,300.00 "
TE,Cameron Brate,1653683,Cameron Brate (1653683),Buccaneers,TB @ NO,5.27,"$6,300.00 "
TE,Jared Cook,1653662,Jared Cook (1653662),Saints,TB @ NO,4.25,"$6,000.00 "
TE,Jordan Reed,1653689,Jordan Reed (1653689),Redskins,NE @ WAS,0,"$6,000.00 "
TE,Kyle Rudolph,1653666,Kyle Rudolph (1653666),Vikings,MIN @ NYG,2.05,"$5,900.00 "
TE,Ben Braunecker,1653620,Ben Braunecker (1653620),Bears,CHI @ OAK,1.1,"$5,900.00 "
TE,Dallas Goedert,1653675,Dallas Goedert (1653675),Eagles,NYJ @ PHI,4.4,"$5,700.00 "
TE,Noah Fant,1653705,Noah Fant (1653705),Broncos,DEN @ LAC,7.12,"$5,600.00 "
TE,Hayden Hurst,1653698,Hayden Hurst (1653698),Ravens,BAL @ PIT,5.87,"$5,600.00 "
TE,Darren Fells,1653631,Darren Fells (1653631),Texans,ATL @ HOU,5,"$5,600.00 "
TE,Nick Boyle,1653697,Nick Boyle (1653697),Ravens,BAL @ PIT,4.92,"$5,600.00 "
TE,Foster Moreau,1653710,Foster Moreau (1653710),Raiders,CHI @ OAK,4.27,"$5,600.00 "
TE,Matt LaCosse,1653637,Matt LaCosse (1653637),Patriots,NE @ WAS,2.65,"$5,600.00 "
TE,Nick Vannett,1653681,Nick Vannett (1653681),Steelers,BAL @ PIT,2.6,"$5,600.00 "
TE,Dawson Knox,1653706,Dawson Knox (1653706),Bills,BUF @ TEN,7.32,"$5,500.00 "
TE,Tyler Kroft,1653628,Tyler Kroft (1653628),Bills,BUF @ TEN,0,"$5,500.00 "
TE,Blake Jarwin,1653632,Blake Jarwin (1653632),Cowboys,GB @ DAL,6.32,"$5,300.00 "
TE,Lance Kendricks,1653641,Lance Kendricks (1653641),Chargers,DEN @ LAC,4,"$5,300.00 "
TE,Adam Shaheen,1653624,Adam Shaheen (1653624),Bears,CHI @ OAK,3,"$5,200.00 "
TE,Geoff Swaim,1653634,Geoff Swaim (1653634),Jaguars,JAX @ CAR,4.15,"$5,100.00 "
TE,C.J. Uzomah,1653629,C.J. Uzomah (1653629),Bengals,ARI @ CIN,3.53,"$5,000.00 "
TE,Deon Yelder,1653660,Deon Yelder (1653660),Chiefs,IND @ KC,3.15,"$5,000.00 "
TE,Irv Smith Jr.,1653708,Irv Smith Jr. (1653708),Vikings,MIN @ NYG,2.85,"$5,000.00 "
TE,Jeremy Sprinkle,1653690,Jeremy Sprinkle (1653690),Redskins,NE @ WAS,2.7,"$5,000.00 "
TE,Rhett Ellison,1653671,Rhett Ellison (1653671),Giants,MIN @ NYG,2.57,"$5,000.00 "
TE,Marcedes Lewis,1653642,Marcedes Lewis (1653642),Packers,GB @ DAL,2.55,"$5,000.00 "
TE,Jeff Heuerman,1653636,Jeff Heuerman (1653636),Broncos,DEN @ LAC,2.52,"$5,000.00 "
TE,Maxx Williams,1653700,Maxx Williams (1653700),Cardinals,ARI @ CIN,2.17,"$5,000.00 "
TE,Jonnu Smith,1653647,Jonnu Smith (1653647),Titans,BUF @ TEN,2.05,"$5,000.00 "
TE,Josh Hill,1653668,Josh Hill (1653668),Saints,TB @ NO,2.02,"$5,000.00 "
TE,Ryan Griffin,1653703,Ryan Griffin (1653703),Jets,NYJ @ PHI,1.83,"$5,000.00 "
TE,Robert Tonyan,1653643,Robert Tonyan (1653643),Packers,GB @ DAL,1.82,"$5,000.00 "
TE,Tommy Sweeney,1653714,Tommy Sweeney (1653714),Bills,BUF @ TEN,1.7,"$5,000.00 "
TE,Ryan Izzo,1653667,Ryan Izzo (1653667),Patriots,NE @ WAS,1.6,"$5,000.00 "
TE,Charles Clay,1653619,Charles Clay (1653619),Cardinals,ARI @ CIN,1.57,"$5,000.00 "
TE,Derek Carrier,1653661,Derek Carrier (1653661),Raiders,CHI @ OAK,1.57,"$5,000.00 "
TE,Drew Sample,1653707,Drew Sample (1653707),Bengals,ARI @ CIN,1.5,"$5,000.00 "
TE,Mo Alie-Cox,1653650,Mo Alie-Cox (1653650),Colts,IND @ KC,1.45,"$5,000.00 "
TE,Luke Stocker,1653648,Luke Stocker (1653648),Falcons,ATL @ HOU,1.4,"$5,000.00 "
TE,Virgil Green,1653679,Virgil Green (1653679),Chargers,DEN @ LAC,1.1,"$5,000.00 "
TE,Blake Bell,1653694,Blake Bell (1653694),Chiefs,IND @ KC,0.7,"$5,000.00 "
TE,J.P. Holtz,1653688,J.P. Holtz (1653688),Bears,CHI @ OAK,0.56,"$5,000.00 "
TE,Troy Fumagalli,1653635,Troy Fumagalli (1653635),Broncos,DEN @ LAC,0.56,"$5,000.00 "
TE,Sean Culkin,1653678,Sean Culkin (1653678),Chargers,DEN @ LAC,0.55,"$5,000.00 "
TE,Lee Smith,1653663,Lee Smith (1653663),Bills,BUF @ TEN,0.45,"$5,000.00 "
TE,Alex Ellis,1653656,Alex Ellis (1653656),Eagles,NYJ @ PHI,0,"$5,000.00 "
TE,Andrew Beck,1653715,Andrew Beck (1653715),Broncos,DEN @ LAC,0,"$5,000.00 "
TE,Anthony Firkser,1653645,Anthony Firkser (1653645),Titans,BUF @ TEN,0,"$5,000.00 "
TE,Antony Auclair,1653682,Antony Auclair (1653682),Buccaneers,TB @ NO,0,"$5,000.00 "
TE,Beau Brinkley,1653644,Beau Brinkley (1653644),Titans,BUF @ TEN,0,"$5,000.00 "
TE,Billy Brown,1653651,Billy Brown (1653651),Colts,IND @ KC,0,"$5,000.00 "
TE,Cethan Carter,1653625,Cethan Carter (1653625),Bengals,ARI @ CIN,0,"$5,000.00 "
TE,Chris Manhertz,1653691,Chris Manhertz (1653691),Panthers,JAX @ CAR,0,"$5,000.00 "
TE,Clark Harris,1653627,Clark Harris (1653627),Bengals,ARI @ CIN,0,"$5,000.00 "
TE,Dalton Schultz,1653633,Dalton Schultz (1653633),Cowboys,GB @ DAL,0,"$5,000.00 "
TE,Daniel Brown,1653621,Daniel Brown (1653621),Jets,NYJ @ PHI,0,"$5,000.00 "
TE,David Wells,1653658,David Wells (1653658),Chiefs,IND @ KC,0,"$5,000.00 "
TE,Evan Baylis,1653639,Evan Baylis (1653639),Packers,GB @ DAL,0,"$5,000.00 "
TE,Gabe Holmes,1653654,Gabe Holmes (1653654),Colts,IND @ KC,0,"$5,000.00 "
TE,Garrett Dickerson,1653670,Garrett Dickerson (1653670),Giants,MIN @ NYG,0,"$5,000.00 "
TE,Hale Hentges,1653716,Hale Hentges (1653716),Colts,IND @ KC,0,"$5,000.00 "
TE,Ian Thomas,1653693,Ian Thomas (1653693),Panthers,JAX @ CAR,0,"$5,000.00 "
TE,Jaeden Graham,1653616,Jaeden Graham (1653616),Falcons,ATL @ HOU,0,"$5,000.00 "
TE,James Winchester,1653659,James Winchester (1653659),Chiefs,IND @ KC,0,"$5,000.00 "
TE,Jerell Adams,1653701,Jerell Adams (1653701),Texans,ATL @ HOU,0,"$5,000.00 "
TE,Jerome Cunningham,1653638,Jerome Cunningham (1653638),Redskins,NE @ WAS,0,"$5,000.00 "
TE,Jody Fortson,1653719,Jody Fortson (1653719),Chiefs,IND @ KC,0,"$5,000.00 "
TE,John Lovett,1653718,John Lovett (1653718),Chiefs,IND @ KC,0,"$5,000.00 "
TE,John Phillips,1653676,John Phillips (1653676),Chiefs,IND @ KC,0,"$5,000.00 "
TE,Josh Oliver,1653709,Josh Oliver (1653709),Jaguars,JAX @ CAR,0,"$5,000.00 "
TE,Kaden Smith,1653713,Kaden Smith (1653713),Giants,MIN @ NYG,0,"$5,000.00 "
TE,Logan Paulsen,1653618,Logan Paulsen (1653618),Texans,ATL @ HOU,0,"$5,000.00 "
TE,Manasseh Garner,1653687,Manasseh Garner (1653687),Chiefs,IND @ KC,0,"$5,000.00 "
TE,Matt Orzech,1653717,Matt Orzech (1653717),Jaguars,JAX @ CAR,0,"$5,000.00 "
TE,MyCole Pruitt,1653646,MyCole Pruitt (1653646),Titans,BUF @ TEN,0,"$5,000.00 "
TE,Neal Sterling,1653673,Neal Sterling (1653673),Chiefs,IND @ KC,0,"$5,000.00 "
TE,Nick Keizer,1653699,Nick Keizer (1653699),Chiefs,IND @ KC,0,"$5,000.00 "
TE,Patrick Scales,1653623,Patrick Scales (1653623),Bears,CHI @ OAK,0,"$5,000.00 "
TE,Ross Travis,1653655,Ross Travis (1653655),Colts,IND @ KC,0,"$5,000.00 "
TE,Seth DeValve,1653630,Seth DeValve (1653630),Jaguars,JAX @ CAR,0,"$5,000.00 "
TE,Tanner Hudson,1653685,Tanner Hudson (1653685),Buccaneers,TB @ NO,0,"$5,000.00 "
TE,Trevon Wesco,1653711,Trevon Wesco (1653711),Jets,NYJ @ PHI,0,"$5,000.00 "
TE,Tyler Conklin,1653665,Tyler Conklin (1653665),Vikings,MIN @ NYG,0,"$5,000.00 "
TE,Zach Conque,1653720,Zach Conque (1653720),Colts,IND @ KC,0,"$5,000.00 "
TE,Zach Gentry,1653712,Zach Gentry (1653712),Steelers,BAL @ PIT,0,"$5,000.00 "
DST,New England Patriots,1653733,New England Patriots (1653733),Patriots,NE @ WAS,21.5,"$7,300.00 "
DST,Buffalo Bills,1653722,Buffalo Bills (1653722),Bills,BUF @ TEN,7.5,"$6,600.00 "
DST,Baltimore Ravens,1653745,Baltimore Ravens (1653745),Ravens,BAL @ PIT,4,"$6,500.00 "
DST,Philadelphia Eagles,1653737,Philadelphia Eagles (1653737),Eagles,NYJ @ PHI,3.75,"$6,500.00 "
DST,Chicago Bears,1653723,Chicago Bears (1653723),Bears,CHI @ OAK,13,"$6,400.00 "
DST,Houston Texans,1653746,Houston Texans (1653746),Texans,ATL @ HOU,7.5,"$6,400.00 "
DST,Minnesota Vikings,1653732,Minnesota Vikings (1653732),Vikings,MIN @ NYG,7.75,"$6,300.00 "
DST,New Orleans Saints,1653734,New Orleans Saints (1653734),Saints,TB @ NO,9.25,"$6,200.00 "
DST,Tennessee Titans,1653728,Tennessee Titans (1653728),Titans,BUF @ TEN,10.75,"$6,000.00 "
DST,Jacksonville Jaguars,1653744,Jacksonville Jaguars (1653744),Jaguars,JAX @ CAR,5.25,"$6,000.00 "
DST,Dallas Cowboys,1653725,Dallas Cowboys (1653725),Cowboys,GB @ DAL,7.5,"$5,600.00 "
DST,Arizona Cardinals,1653738,Arizona Cardinals (1653738),Cardinals,ARI @ CIN,3.25,"$5,600.00 "
DST,Denver Broncos,1653726,Denver Broncos (1653726),Broncos,DEN @ LAC,1.5,"$5,600.00 "
DST,Kansas City Chiefs,1653730,Kansas City Chiefs (1653730),Chiefs,IND @ KC,7.75,"$5,400.00 "
DST,Los Angeles Chargers,1653740,Los Angeles Chargers (1653740),Chargers,DEN @ LAC,6.25,"$5,300.00 "
DST,Green Bay Packers,1653727,Green Bay Packers (1653727),Packers,GB @ DAL,9,"$5,200.00 "
DST,Oakland Raiders,1653731,Oakland Raiders (1653731),Raiders,CHI @ OAK,4,"$5,200.00 "
DST,Carolina Panthers,1653743,Carolina Panthers (1653743),Panthers,JAX @ CAR,8.75,"$5,000.00 "
DST,New York Giants,1653735,New York Giants (1653735),Giants,MIN @ NYG,6.75,"$5,000.00 "
DST,Cincinnati Bengals,1653724,Cincinnati Bengals (1653724),Bengals,ARI @ CIN,3,"$4,900.00 "
DST,Atlanta Falcons,1653721,Atlanta Falcons (1653721),Falcons,ATL @ HOU,2.75,"$4,900.00 "
DST,Pittsburgh Steelers,1653739,Pittsburgh Steelers (1653739),Steelers,BAL @ PIT,6,"$4,600.00 "
DST,New York Jets,1653736,New York Jets (1653736),Jets,NYJ @ PHI,13,"$4,500.00 "
DST,Tampa Bay Buccaneers,1653741,Tampa Bay Buccaneers (1653741),Buccaneers,TB @ NO,11,"$4,300.00 "
DST,Indianapolis Colts,1653729,Indianapolis Colts (1653729),Colts,IND @ KC,4.25,"$3,800.00 "
DST,Washington Redskins,1653742,Washington Redskins (1653742),Redskins,NE @ WAS,4,"$3,800.00 "
